date,site.ID,site.name,time,lat,lon,crew,net.sets,min.searching,dimpling,sliders,poppers,precip,wind.speed,wind.direction,cloud.cover,sea.state,secchi,temp.0m,salinity.0m,temp.1m,salinity.1m,so.taken,so.total,cu.taken,cu.total,he.taken,he.total,co.taken,co.total,pi.taken,pi.total,bycatch.spp.1,bycatch.num.1,bycatch.spp.2,bycatch.num.2,bycatch.spp.3,bycatch.num.3,mort.spp.1,mort.num.1,mort.spp.2,mort.num.2,mort.spp.3,mort.num.3,comments,preserved,initials
yyyy-mm-dd,D## OR J##,designated site name,"24 hrs
(hh:mm)",latitude in decimal degrees,longitude in decimal degrees (negative!),full names separated by commas,number of net deployments,number of minutes spent searching for fish,"dimpling activity
(0 = none,
1 = some
2 = many)","slider activity
(0 = none,
1 = some
2 = many)","popper activity
(0 = none,
1 = some
2 = many)","precipitation (none, light, moderate, heavy)","wind speed
(knots; 0, 0.1-5, 5-10, 10-15, 15-20, 20-30)","wind direction 
(NA if wind speed = 0)",percent cloud cover (25% increments),"sea state
(beaufort scale)","secchi depth
(0.1m)","surface temperature
(ĄC)","surface salinity
(ppt)","1m temperature
(ĄC)","1m salinity
(ppt)",,"total sockeye in net (rounded to nearest 10,100, or 1000)",number of chum retained,"total chum in net (rounded to nearest 10,100, or 1000)",number of herring retained,"total herring in net (rounded to nearest 10,100, or 1000)",number of coho retained,"total coho in net (rounded to nearest 10,100, or 1000)",number of pink retained,"total pink in net (rounded to nearest 10,100, or 1000)","bycatch species #1
(NA if none)","number of bycatch species #1 in net
(NA if none)","bycatch species #2
(NA if none)","number of bycatch species #2 in net
(NA if none)","bycatch species #3
(NA if none)","number of bycatch species #3 in net
(NA if none)","mortality species #1
(NA if none)","number of mort species #1 in net
(NA if none)","mortality species #2
(NA if none)","number of mort species #2 in net
(NA if none)","mortality species #3
(NA if none)","number of mort species #3 in net
(NA if none)",notes from datasheet,"1 = preserved correctly
0 = not correctly
TBD = in dewar",initials of data enterer
2015-05-12,D01,Hurtado Point,11:40,49.96130,-124.74700,"Carolyn Knapper, Kristi Inman, Brett Johnson, Ben Millard-Martin, Luke Rogers",3,40,NA,NA,NA,none,5-10,NW,25,3,8.7,13.9,26.9,13.2,26.9,30,NA,10,NA,2,NA,1,NA,0,0,NA,NA,NA,NA,NA,NA,SO ,7,NA,NA,NA,NA,NA,1,"CK, LR"
2015-05-13,D02,Kinghorn Island,09:49,50.07902,-124.85090,"Carolyn Knapper, Brett Johnson, Ben Millard-Martin, Luke Rogers",1,NA,NA,NA,NA,none,0,NA,100,0,12.1,14.6,26.1,14.6,26.1,30,400,10,40,0,0,0,0,0,0,NA,NA,NA,NA,NA,NA,NA,NA,NA,NA,NA,NA,NA,1,"CK, LR"
2015-05-14,D04,Fransisco Point,07:38,49.99932,-125.13950,"Carolyn Knapper, Ben Millard-Martin, Luke Rogers",1,NA,NA,NA,NA,none,0.1-5,NW,100,1,8.5,13.5,27.1,13.5,27.2,30,300,0,0,7,10,0,0,0,0,NA,NA,NA,NA,NA,NA,NA,NA,NA,NA,NA,NA,NA,1,"CK, LR"
2015-05-15,D02,Kinghorn Island,10:21,50.08007,-124.85110,"Carolyn Knapper, Brett Johnson, Ben Millard-Martin, Luke Rogers",1,NA,NA,NA,NA,none,0,NA,0,0,NA,15.2,25.7,14.9,25.8,30,300,10,10,1,1,0,0,0,0,Chinook,1,NA,NA,NA,NA,NA,NA,NA,NA,NA,NA,NA,1,"CK, LR"
2015-05-15,D03,Sutil Narrows,13:28,50.11842,-125.07512,"Carolyn Knapper, Brett Johnson, Ben Millard-Martin, Luke Rogers",1,NA,NA,NA,NA,none,0.1-5,NW,25,1,7.0,15.3,27.0,14.5,27.2,30,40,10,20,2,2,0,0,0,0,NA,NA,NA,NA,NA,NA,NA,NA,NA,NA,NA,NA,NA,1,"CK, LR"
2015-05-15,D05,Lewis Channel,07:50,50.16142,-124.88420,"Carolyn Knapper, Brett Johnson, Ben Millard-Martin, Luke Rogers",1,NA,NA,NA,NA,none,0,NA,25,0,10.3,14.8,26.3,14.8,26.3,30,200,5,6,0,0,0,0,1,1,NA,NA,NA,NA,NA,NA,NA,NA,NA,NA,NA,NA,NA,1,"CK, LR"
2015-05-16,D06,Gowlland Harbour,08:00,50.08005,-125.24680,"Carolyn Knapper, Brett Johnson, Luke Rogers",1,NA,NA,NA,NA,none,5-10,NW,0,0,NA,10.6,28.7,10.6,28.8,30,600,10,1000,0,0,4,NA,2,NA,Stickelback,6,NA,NA,NA,NA,NA,NA,NA,NA,NA,NA,NA,1,"CK, LR"
2015-05-16,D07,Hoskyn Channel,12:30,50.16412,-125.16020,"Carolyn Knapper, Brett Johnson, Luke Rogers",1,NA,NA,NA,NA,none,0.1-5,SW,0,1,5.0,14.4,27.4,13.8,27.3,30,500,10,300,10,10,1,NA,1,NA,Trout,2,NA,NA,NA,NA,NA,NA,NA,NA,NA,NA,NA,1,"CK, LR"
2015-05-17,D02,Kinghorn Island,09:00,50.08123,-124.85490,"Carolyn Knapper, Brett Johnson, Luke Rogers",1,NA,NA,NA,NA,none,0.1-5,S ,100,0,11.9,16.0,26.2,15.8,26.3,8,8,10,90,0,0,0,0,0,0,Flatfish (Juvenile),1,NA,NA,NA,NA,NA,NA,NA,NA,NA,NA,NA,1,"CK, LR"
2015-05-18,D03,Sutil Narrows,07:30,50.11405,-125.07870,"Carolyn Knapper, Brett Johnson, Luke Rogers, Midoli Bresch",1,NA,NA,NA,NA,none,0.1-5,NW,0,1,6.6,14.9,27.1,14.8,27.1,30,70,1,10,2,2,0,0,0,0,NA,NA,NA,NA,NA,NA,NA,NA,NA,NA,NA,NA,First problems with flowmeter observed: intermittent spinning.,1,"CK, LR"
2015-05-18,D05,Lewis Channel,11:30,50.16590,-124.88880,"Carolyn Knapper, Brett Johnson, Luke Rogers, Midoli Bresch",1,NA,NA,NA,NA,none,0.1-5,NW,0,1,NA,17.0,26.2,16.3,26.2,6,6,10,30,0,0,0,0,1,1,NA,NA,NA,NA,NA,NA,NA,NA,NA,NA,NA,NA,NA,1,"CK, LR"
2015-05-19,D08,Calm Channel,10:30,50.34273,-125.08410,"Brett Johnson, Luke Rogers, Kristi Inman, Samantha Crowley",1,NA,NA,NA,NA,none,5-10,NW,0,1,6.1,14.0,24.1,13.4,24.6,30,200,10,100,5,10,2,6,2,NA,NA,NA,NA,NA,NA,NA,NA,NA,NA,NA,NA,NA,"Fish moved by jug from net to buckets (30 sockeye in one 5 gallon pale; 50 total chum, pink, herring, coho in a second five gallon pale and two aquaria) to avoid net collapse on fish during onshore wind.",1,"CK, LR"
2015-05-20,D09,Okisollo Channel,08:00,50.30787,-125.32930,"Brett Johnson, Luke Rogers, Kristi Inman, Samantha Crowley",1,NA,NA,NA,NA,none,0.1-5,E,0,1,11.4,11.0,28.7,10.8,28.7,30,200,10,30,10,30,1,1,0,0,NA,NA,NA,NA,NA,NA,NA,NA,NA,NA,NA,NA,Salmon Farms: Brent Island NA; Venture Point 12 pens stocked; Okisolo Channel no nets in pens; Barnes Bay no nets in pens. ,1,"CK, LR"
2015-05-20,J03,Cracroft Point,07:10,NA,NA,"Sean Godwin, Donnah MacKinnon, Dylan Smyth",1,30,1,0,1,light,1,NW,100,0,NA,NA,NA,NA,NA,NA,NA,NA,NA,NA,NA,NA,NA,NA,NA,NA,NA,NA,NA,NA,NA,NA,NA,NA,NA,NA,NA,NA,NA,SG
2015-05-20,J05,Stimpson Point,09:50,50.50535,-126.24163,"Sean Godwin, Donnah MacKinnon, Dylan Smyth",1,10,1,2,0,light,2,NW,100,2,13.2,9.1,28.5,9.6,28.5,30,300,10,20,4,4,6,6,1,1,NA,NA,NA,NA,NA,NA,NA,NA,NA,NA,NA,NA,fish not labelled in order,0,SG
2015-05-21,D02,Kinghorn Island,07:00,NA,NA,"Carolyn Knapper, Luke Rogers, Kristi Inman, Samantha Crowley",0,30,0,0,0,none,0.1-5,NW,0,3,NA,NA,NA,NA,NA,NA,NA,NA,NA,NA,NA,NA,NA,NA,NA,NA,NA,NA,NA,NA,NA,NA,NA,NA,NA,NA,NA,From LR logbook,NA,LR
2015-05-21,D03,Sutil Narrows,09:45,50.13705,-125.11750,"Carolyn Knapper, Luke Rogers, Kristi Inman, Samantha Crowley",1,30,0,1,1,none,0.1-5,NW,0,1,4.6,16.1,25.9,15.9,25.1,3,3,10,30,0,0,1,5,5,5,NA,NA,NA,NA,NA,NA,NA,NA,NA,NA,NA,NA,"Coho: 4 out of 5 in net too large for Whirl-Pak, not taken.",1,"CK, LR"
2015-05-21,D07,Hoskyn Channel,13:00,50.18217,-125.14930,"Carolyn Knapper, Luke Rogers, Kristi Inman, Samantha Crowley",2,17,0,2,2,none,5-10,NE,0,2,4.2,15.7,27.8,15.6,27.8,30,200,10,50,0,0,1,1,8,10,NA,NA,NA,NA,NA,NA,NA,NA,NA,NA,NA,NA,First set (40 fish) released due to net collapse. Second set targeted different school.,1,"CK, LR"
2015-05-21,J04,Forward Bay,13:40,NA,NA,"Sean Godwin, Donnah MacKinnon, Carson White",2,90,1,0,1,none,2,NW,100,3,NA,NA,NA,NA,NA,NA,NA,NA,NA,NA,NA,NA,NA,NA,NA,NA,NA,NA,NA,NA,NA,NA,NA,NA,NA,NA,NA,NA,NA,SG
2015-05-21,J06,Blenkinsop Bay,06:20,50.47479,-126.03259,"Sean Godwin, Brendan Connors, Carson White",2,10,1,0,0,none,2,NW,100,2,10.5,9.6,28.5,9.5,28.5,30,100,10,30,0,0,3,3,0,0,NA,NA,NA,NA,NA,NA,NA,NA,NA,NA,NA,NA,NA,0,SG
2015-05-22,J04,Forward Bay,13:50,50.52222,-126.39167,"Sean Godwin, Carson White, Dylan Smyth",4,10,2,2,1,none,3,NW,75,2,12.8,10.0,28.5,9.8,28.6,30,150,2,2,1,1,10,10,0,0,"unknown salmonid, ~30cm",4,NA,NA,NA,NA,NA,NA,NA,NA,NA,NA,NA,0,SG
2015-05-22,J07,South Mouth,06:40,50.45614,-126.11933,"Sean Godwin, Dylan Smyth, Carson White",1,1,1,2,1,none,1,NW,100,2,14.6,9.6,28.5,9.6,28.5,30,600,1,1,0,0,4,4,0,0,NA,NA,NA,NA,NA,NA,NA,NA,NA,NA,NA,NA,NA,0,SG
2015-05-22,J08,Naka Creek,09:40,50.48078,-126.41037,"Sean Godwin, Carson White, Dylan Smyth",2,3,2,2,2,none,2,NW,100,2,14.9,9.8,28.5,9.7,28.6,30,150,3,3,0,0,10,150,0,0,dolly varden,5,NA,NA,NA,NA,NA,NA,NA,NA,NA,NA,NA,0,SG
2015-05-23,D04,Fransisco Point,13:15,NA,NA,"Carolyn Knapper, Luke Rogers, Brett Johnson",0,7,0,0,0,none,0.1-5,SE,0,1,NA,NA,NA,NA,NA,NA,NA,NA,NA,NA,NA,NA,NA,NA,NA,NA,NA,NA,NA,NA,NA,NA,NA,NA,NA,NA,NA,From LR logbook,NA,LR
2015-05-23,D06,Gowlland Harbour,14:32,NA,NA,"Carolyn Knapper, Luke Rogers, Brett Johnson",0,12,0,0,0,none,0.1-5,SE,25,1,NA,NA,NA,NA,NA,NA,NA,NA,NA,NA,NA,NA,NA,NA,NA,NA,NA,NA,NA,NA,NA,NA,NA,NA,NA,NA,NA,From LR logbook,NA,LR
2015-05-23,D08,Calm Channel,07:00,50.31962,-125.03950,"Carolyn Knapper, Luke Rogers, Brett Johnson",1,9,0,1,1,none,0,NA,100,1,8.7,14.6,25.2,14.6,25.4,29,29,10,40,1,1,1,2,0,0,NA,NA,NA,NA,NA,NA,NA,NA,NA,NA,NA,NA,NA,1,"CK, LR"
2015-05-23,D10,Hall Point,10:15,50.44365,-125.27900,"Carolyn Knapper, Luke Rogers, Brett Johnson",1,20,0,1,1,none,1,NW,50,1,11.0,10.6,28.8,10.4,28.8,30,3000,2,100,1,10,0,0,2,10,NA,NA,NA,NA,NA,NA,NA,NA,NA,NA,NA,NA,NA,1,"CK, LR"
2015-05-23,J03,Cracroft Point,06:00,50.54648,-126.67096,"Sean Godwin, Mack Bartlett, Chris Guinchard",2,0,2,2,0,none,0,NW,100,0,13.5,9.7,28.0,9.7,28.7,30,300,0,0,0,0,0,0,0,0,threespine stickleback,1,NA,NA,NA,NA,NA,NA,NA,NA,NA,NA,"all fish samples labelled ""J0CP"" for now, will need to be hanged once site name confirmed",0,SG
2015-05-23,J09,Blinkhorn Peninsula,09:00,50.54039,-126.78096,"Sean Godwin, Mack Bartlett, Chris Guinchard",2,0,2,2,2,none,1,NW,100,0,15.1,10.2,28.6,9.8,28.6,30,200,10,25,5,5,8,8,0,0,NA,NA,NA,NA,NA,NA,NA,NA,NA,NA,NA,NA,NA,0,SG
2015-05-23,J10,Hanson South,12:35,50.55787,-126.73532,"Sean Godwin, Mack Bartlett, Chris Guinchard",3,0,2,2,0,none,2,NW,25,2,15.3,10.2,28.6,9.8,28.6,30,1200,10,20,0,0,0,0,0,0,NA,NA,NA,NA,NA,NA,NA,NA,NA,NA,NA,NA,NA,0,SG
2015-05-24,D07,Hoskyn Channel,14:42,NA,NA,"Carolyn Knapper, Luke Rogers, Brett Johnson, Katie Chan",0,13,0,1,1,none,0.1-5,N,0,1,NA,NA,NA,NA,NA,NA,NA,NA,NA,NA,NA,NA,NA,NA,NA,NA,NA,NA,NA,NA,NA,NA,NA,NA,NA,NA,NA,NA,NA,"CK, LR"
2015-05-24,D09,Okisollo Channel,12:10,50.30723,-125.33345,"Carolyn Knapper, Luke Rogers, Brett Johnson, Katie Chan",1,47,0,1,1,none,0.1-5,SW,0,1,13.9,11.1,29.2,11.1,29.2,30,200,4,4,1,1,0,0,2,2,NA,NA,NA,NA,NA,NA,NA,NA,NA,NA,NA,NA,NA,1,"CK, LR"
2015-05-24,D11,Turn Island,08:40,50.34655,-125.45602,"Carolyn Knapper, Luke Rogers, Brett Johnson, Katie Chan",2,25,0,1,1,none,5-10,W,50,1,9.8,10.6,27.3,10.6,29.2,30,200,10,300,6,10,1,1,0,0,NA,NA,NA,NA,NA,NA,sockeye,1,chum,1,NA,NA,NA,1,"CK, LR"
2015-05-24,J01,Hanson North,13:00,NA,NA,"Sean Godwin, Mack Barlett, Samantha Crowley",0,60,0,0,0,none,5-10,NW,75,2,NA,NA,NA,NA,NA,NA,NA,NA,NA,NA,NA,NA,NA,NA,NA,NA,NA,NA,NA,NA,NA,NA,NA,NA,NA,NA,NA,NA,NA,SG
2015-05-24,J02,Swanson Island,06:25,50.60101,-126.70394,"Sean Godwin, Mack Bartlett, Samantha Crowley",2,1,2,1,0,none,0.1-5,W,100,1,11.0,9.4,28.8,9.4,28.7,30,400,7,7,0,0,1,1,0,0,NA,NA,NA,NA,NA,NA,NA,NA,NA,NA,NA,NA,NA,1,SG
2015-05-24,J06,Blenkinsop Bay,14:00,50.47696,-126.02730,"Sean Godwin, Mack Bartlett, Samantha Crowley",1,5,0,2,0,none,15-20,SW,25,3,8.9,10.4,28.3,10.2,28.3,30,400,2,2,0,0,0,0,0,0,starry flounder,1,NA,NA,NA,NA,NA,NA,NA,NA,NA,NA,NA,1,SG
2015-05-25,D01,Hurtado Point,12:15,NA,NA,"Luke Rogers, Brett Johnson, Kristi Inman, Katie Chan",0,10,0,0,0,none,5-10,W,25,2,NA,NA,NA,NA,NA,NA,NA,NA,NA,NA,NA,NA,NA,NA,NA,NA,NA,NA,NA,NA,NA,NA,NA,NA,NA,NA,NA,NA,NA,LR
2015-05-25,D02,Kinghorn Island,11:25,NA,NA,"Luke Rogers, Brett Johnson, Kristi Inman, Katie Chan",0,20,0,1,1,none,0.1-5,NW,50,1,NA,NA,NA,NA,NA,NA,NA,NA,NA,NA,NA,NA,NA,NA,NA,NA,NA,NA,NA,NA,NA,NA,NA,NA,NA,NA,NA,NA,NA,LR
2015-05-25,D03,Sutil Narrows,06:02,NA,NA,"Luke Rogers, Brett Johnson, Kristi Inman, Katie Chan",0,26,0,1,1,none,0.1-5,NW,100,1,NA,NA,NA,NA,NA,NA,NA,NA,NA,NA,NA,NA,NA,NA,NA,NA,NA,NA,NA,NA,NA,NA,NA,NA,NA,NA,NA,NA,NA,LR
2015-05-25,D05,Lewis Channel,10:23,NA,NA,"Luke Rogers, Brett Johnson, Kristi Inman, Katie Chan",1,22,0,1,1,none,5-10,NW,100,2,NA,NA,NA,NA,NA,NA,NA,NA,NA,NA,NA,NA,NA,NA,NA,NA,NA,NA,NA,NA,NA,NA,NA,NA,NA,NA,NA,"Set on 1 slider, no catch",NA,LR
2015-05-25,D08,Calm Channel,07:35,50.31530,-125.05186,"Luke Rogers, Brett Johnson, Kristi Inman, Katie Chan",1,0,0,2,0,none,5-10,W,100,2,7.3,15.2,26.0,15.2,26.0,30,200,10,40,0,0,0,0,0,0,NA,NA,NA,NA,NA,NA,NA,NA,NA,NA,NA,NA,NA,1,"CK, LR"
2015-05-25,J04,Forward Bay,09:50,50.52363,-126.39046,"Sean Godwin, Chris Guinchard, Samantha Crowley",1,70,1,1,0,none,5-10,SW,100,2,11.3,9.9,28.5,9.7,28.6,30,800,10,50,0,0,4,4,2,2,NA,NA,NA,NA,NA,NA,NA,NA,NA,NA,NA,NA,NA,1,SG
2015-05-25,J05,Stimpson Point,05:40,50.49853,-126.21348,"Sean Godwin, Chris Guinchard, Samantha Crowley",1,1,0,2,0,light,5-10,SW,100,2,10.9,9.8,28.5,9.8,28.5,30,300,10,150,4,4,0,0,0,0,NA,NA,NA,NA,NA,NA,NA,NA,NA,NA,NA,NA,NA,1,SG
2015-05-25,J08,Naka Creek,13:00,50.48103,-126.41291,"Sean Godwin, Chris Guinchard, Samantha Crowley",1,25,1,0,0,none,5-10,W,100,2,13.3,10.0,28.6,10.0,28.6,30,40,10,15,3,3,1,1,0,0,"juvenile dolly varden, ~10cm",1,NA,NA,NA,NA,NA,NA,NA,NA,NA,NA,NA,1,SG
2015-05-26,D09,Okisollo Channel,12:29,50.30795,-125.32452,"Luke Rogers, Carolyn Knapper, Kristi Inman",1,11,1,1,1,none,0.1-5,W,0,1,12.9,11.5,28.9,11.4,29.0,30,40,10,10,0,0,0,0,0,0,NA,NA,NA,NA,NA,NA,NA,NA,NA,NA,NA,NA,Nordic Queen (Chrys Neville's DFO chartered commercial seiner) set 500 m W of us 1.5 hours after our set.,1,LR
2015-05-26,D10,Hall Point,08:45,50.44466,-125.28040,"Luke Rogers, Carolyn Knapper, Kristi Inman",4,97,1,2,1,none,0.1-5,NW,100,1,9.9,11.2,26.7,10.8,28.1,30,200,5,10,1,2,1,1,0,0,NA,NA,NA,NA,NA,NA,NA,NA,NA,NA,NA,NA,NA,1,LR
2015-05-26,D11,Turn Island,11:56,NA,NA,"Luke Rogers, Carolyn Knapper, Kristi Inman",0,10,0,1,1,none,10-15,W,0,2,NA,NA,NA,NA,NA,NA,NA,NA,NA,NA,NA,NA,NA,NA,NA,NA,NA,NA,NA,NA,NA,NA,NA,NA,NA,NA,NA,NA,NA,LR
2015-05-26,J03,Cracroft Point,09:35,50.54672,-126.67256,"Sean Godwin, Mack Bartlett, Chris Guinchard",2,1,2,2,0,none,0.1-5,NW,75,1,13.0,10.0,28.6,9.9,28.6,30,1000,10,30,0,0,1,1,0,0,NA,NA,NA,NA,NA,NA,NA,NA,NA,NA,NA,NA,NA,1,SG
2015-05-26,J07,South Mouth,05:45,50.45622,-126.11838,"Sean Godwin, Mack Bartlett, Chris Guinchard",1,1,2,2,1,none,0.1-5,NW,100,2,15.5,9.9,28.5,9.9,28.5,30,1000,10,200,5,5,1,1,0,0,"unknown juvenile salmonid, ~10cm",1,NA,NA,NA,NA,sockeye,6,chum,2,NA,NA,"unknown salmonid bycatch not sockeye, chum, pink, coho, or chinook",1,SG
2015-05-26,J09,Blinkhorn Peninsula,12:55,50.53989,-126.78256,"Sean Godwin, Mack Bartlett, Chris Guinchard",1,2,2,2,0,none,5-10,W,75,1,16.9,11.8,28.1,10.0,28.6,30,1500,10,100,1,1,0,0,1,1,NA,NA,NA,NA,NA,NA,NA,NA,NA,NA,NA,NA,NA,1,SG
2015-05-27,D01,Hurtado Point,09:35,NA,NA,"Carolyn Knapper, Luke Rogers, Kristi Inman ",0,10,0,0,0,none,0.1-5,NW,0,1,NA,NA,NA,NA,NA,NA,NA,NA,NA,NA,NA,NA,NA,NA,NA,NA,NA,NA,NA,NA,NA,NA,NA,NA,NA,NA,NA,NA,NA,"CK, LR"
2015-05-27,D02,Kinghorn Island,08:51,NA,NA,"Carolyn Knapper, Luke Rogers, Kristi Inman ",0,15,NA,NA,NA,none,0.1-5,NW,25,1,NA,NA,NA,NA,NA,NA,NA,NA,NA,NA,NA,NA,NA,NA,NA,NA,NA,NA,NA,NA,NA,NA,NA,NA,NA,NA,NA,NA,NA,"CK, LR"
2015-05-27,D03,Sutil Narrows,10:50,NA,NA,"Carolyn Knapper, Luke Rogers, Kristi Inman ",0,20,NA,NA,NA,none,0.1-5,NW,0,1,NA,NA,NA,NA,NA,NA,NA,NA,NA,NA,NA,NA,NA,NA,NA,NA,NA,NA,NA,NA,NA,NA,NA,NA,NA,NA,NA,NA,NA,"CK, LR"
2015-05-27,D05,Lewis Channel,07:50,NA,NA,"Carolyn Knapper, Luke Rogers, Kristi Inman ",0,25,0,0,1,none,0.1-5,N,25,1,NA,NA,NA,NA,NA,NA,NA,NA,NA,NA,NA,NA,NA,NA,NA,NA,NA,NA,NA,NA,NA,NA,NA,NA,NA,NA,NA,NA,NA,"CK, LR"
2015-05-27,D07,Hoskyn Channel,11:27,NA,NA,"Carolyn Knapper, Luke Rogers, Kristi Inman ",0,15,0,1,1,none,0.1-5,N,0,2,NA,NA,NA,NA,NA,NA,NA,NA,NA,NA,NA,NA,NA,NA,NA,NA,NA,NA,NA,NA,NA,NA,NA,NA,NA,NA,NA,NA,NA,"CK, LR"
2015-05-27,D08,Calm Channel,06:36,NA,NA,"Carolyn Knapper, Luke Rogers, Kristi Inman ",0,40,0,1,1,none,0.1-5,NW,50,1,NA,NA,NA,NA,NA,NA,NA,NA,NA,NA,NA,NA,NA,NA,NA,NA,NA,NA,NA,NA,NA,NA,NA,NA,NA,NA,NA,NA,NA,"CK, LR"
2015-05-27,J01,Hanson North,11:00,NA,NA,"Lauren Portner, Carson White, Dylan Smyth",0,90,1,1,1,none,0,S,100,0,NA,NA,NA,NA,NA,NA,NA,NA,NA,NA,NA,NA,NA,NA,NA,NA,NA,NA,NA,NA,NA,NA,NA,NA,NA,NA,NA,NA,NA,DS
2015-05-27,J02,Swanson Island,09:30,NA,NA,"Lauren Portner, Carson White, Dylan Smyth",0,80,2,2,2,none,0.1-5,S,100,0,NA,NA,NA,NA,NA,NA,NA,NA,NA,NA,NA,NA,NA,NA,NA,NA,NA,NA,NA,NA,NA,NA,NA,NA,NA,NA,NA,NA,NA,DS
2015-05-27,J09,Blinkhorn Peninsula,13:15,50.53957,-126.77810,"Lauren Portner, Carson White, Dylan Smyth",2,10,2,2,2,none,5-10,NW,100,1,12.2,11.1,28.4,10.9,28.5,30,2000,10,200,2,3,6,10,0,0,NA,NA,NA,NA,NA,NA,NA,NA,NA,NA,NA,NA,small hole in the bunt. Lots of fish escaped. May have been more herring and coho originally. School > 2000,1,DS
2015-05-27,J10,Hanson South,06:00,50.55951,-126.75326,"Lauren Portner, Carson White, Dylan Smyth",1,40,1,1,1,none,0.1-5,SW,100,0,12.2,9.8,28.7,9.8,28.7,30,100,10,30,0,0,10,20,0,0,NA,NA,NA,NA,NA,NA,Na,NA,NA,NA,NA,NA,NA,1,DS
2015-05-28,D09,Okisollo Channel,11:10,50.30884,-125.32275,"Luke Rogers, Brett Johnson, Kristi Inman, Donnah MacKinnon",1,10,0,1,1,none,NA,NA,0,1,14.3,12.6,28.7,11.7,28.8,30,200,10,10,3,3,0,0,0,0,NA,NA,NA,NA,NA,NA,NA,NA,NA,NA,NA,NA,NA,1,"CK, LR"
2015-05-28,D10,Hall Point,06:45,50.44941,-125.33027,"Luke Rogers, Brett Johnson, Kristi Inman, Donnah MacKinnon",1,28,1,1,1,none,0.1-5,NW,100,1,9.3,12.3,23.4,11.4,26.3,30,30,5,10,1,1,0,0,0,0,NA,NA,NA,NA,NA,NA,NA,NA,NA,NA,NA,NA,NA,1,"CK, LR"
2015-05-28,D11,Turn Island,09:55,NA,NA,"Luke Rogers, Brett Johnson, Kristi Inman, Donnah MacKinnon",1,33,0,1,1,none,5-10,W,0,2,NA,NA,NA,NA,NA,NA,NA,NA,NA,NA,NA,NA,NA,NA,NA,NA,NA,NA,NA,NA,NA,NA,NA,NA,NA,NA,NA,"CO = 6 total, released",NA,"CK, LR"
2015-05-28,J01,Hanson North,05:35,50.57078,-126.70066,"Carson White, Lauren Portner, Katie Chan",3,70,2,1,1,none,0.1-5,NW,100,0,13.0,9.8,28.6,9.7,28.6,30,1000,10,200,1,10,2,10,0,0,NA,NA,NA,NA,NA,NA,chum,2,NA,NA,NA,NA,NA,1,CW
2015-05-28,J05,Stimpson Point,10:10,NA,NA,"Carson White, Lauren Portner, Katie Chan",0,60,0,0,1,none,10-15,NW,100,3,NA,NA,NA,NA,NA,NA,NA,NA,NA,NA,NA,NA,NA,NA,NA,NA,NA,NA,NA,NA,NA,NA,NA,NA,NA,NA,NA,"fish not at depth, close to beach",NA,CW
2015-05-28,J06,Blenkinsop Bay,12:00,NA,NA,"Carson White, Lauren Portner, Katie Chan",0,150,1,0,1,none,15-20,NW,25,4,NA,NA,NA,NA,NA,NA,NA,NA,NA,NA,NA,NA,NA,NA,NA,NA,NA,NA,NA,NA,NA,NA,NA,NA,NA,NA,NA,"fish not at depth, close to beach",NA,CW
2015-05-29,J05,Stimpson Point,11:30,NA,NA,"Lauren Portner, Katie Chan, Dylan Smyth",1,150,0,2,1,none,15-20,NW,0,4,NA,NA,NA,NA,NA,NA,NA,NA,NA,NA,NA,NA,NA,NA,NA,NA,NA,NA,NA,NA,NA,NA,NA,NA,NA,NA,NA,"one net set, no fish caught",NA,KC
2015-05-29,J06,Blenkinsop Bay,06:55,50.48380,-126.01069,"Lauren Portner, Katie Chan, Dylan Smyth",1,85,1,0,0,none,0.1-5,NW,100,0,5.5,10.9,28.1,10.5,28.2,30,40,10,200,6,10,1,1,0,0,NA,NA,NA,NA,NA,NA,NA,NA,NA,NA,NA,NA,NA,1,KC
2015-05-30,D03,Sutil Narrows,18:45,NA,NA,"Luke Rogers, Kristi Inman, Donnah MacKinnon",0,25,0,0,0,none,0.1-5,SE,0,1,NA,NA,NA,NA,NA,NA,NA,NA,NA,NA,NA,NA,NA,NA,NA,NA,NA,NA,NA,NA,NA,NA,NA,NA,NA,NA,NA,NA,NA,"CK, LR"
2015-05-30,D04,Fransisco Point,13:35,NA,NA,"Luke Rogers, Kristi Inman, Donnah MacKinnon",0,42,1,1,0,none,0.1-5,SE,0,1,NA,NA,NA,NA,NA,NA,NA,NA,NA,NA,NA,NA,NA,NA,NA,NA,NA,NA,NA,NA,NA,NA,NA,NA,NA,NA,NA,NA,NA,"CK, LR"
2015-05-30,D06,Gowlland Harbour,10:19,50.10015,-125.27265,"Luke Rogers, Kristi Inman, Donnah MacKinnon",1,36,0,1,0,none,5-10,NW,0,2,13.2,11.2,28.7,11.1,28.8,30,40,10,200,0,0,0,0,0,0,NA,NA,NA,NA,NA,NA,sockeye,1,NA,NA,NA,NA,NA,1,"CK, LR"
2015-05-30,J04,Forward Bay,12:15,NA,NA,"Lauren Portner, Carson White, Dylan Smyth",0,120,0,0,0,none,10-15,NW,0,3,NA,NA,NA,NA,NA,NA,NA,NA,NA,NA,NA,NA,NA,NA,NA,NA,NA,NA,NA,NA,NA,NA,NA,NA,NA,NA,NA,net not set because no fish,NA,DS
2015-05-30,J05,Stimpson Point,06:30,50.50733,-126.24336,"Lauren Portner, Carson White, Dylan Smyth",2,45,2,0,1,none,0.1-5,NW,100,0,11.1,9.8,28.5,9.8,28.6,30,300,10,300,0,0,1,1,0,0,NA,NA,NA,NA,NA,NA,NA,NA,NA,NA,NA,NA,NA,1,DS
2015-05-30,J07,South Mouth,09:25,50.45679,-126.16458,"Lauren Portner, Carson White, Dylan Smyth",3,60,2,0,2,none,0.1-5,NA,100,1,10.3,10.1,28.4,10.0,28.6,30,600,10,400,5,5,4,4,0,0,NA,NA,NA,NA,NA,NA,NA,NA,NA,NA,NA,NA,NA,1,DS
2015-05-30,J08,Naka Creek,15:05,50.48405,-126.39870,"Lauren Portner, Carson White, Dylan Smyth",1,5,0,0,2,none,10-15,NW,0,4,7.5,11.2,28.4,11.2,28.4,30,1000,10,300,10,20,1,1,1,10,NA,NA,NA,NA,NA,NA,NA,NA,NA,NA,NA,NA,NA,1,DS
2015-05-31,D01,Hurtado Point,10:49,NA,NA,"Brett Johnson, Luke Rogers, Carolyn Knapper",1,16,1,0,0,none,0,NA,50,0,NA,NA,NA,NA,NA,NA,NA,NA,NA,NA,NA,NA,NA,NA,NA,NA,NA,NA,NA,NA,NA,NA,NA,NA,NA,NA,NA,"CU = 6 total, released",NA,"CK, LR"
2015-05-31,D02,Kinghorn Island,09:32,50.06119,-124.87916,"Brett Johnson, Luke Rogers, Carolyn Knapper",1,22,1,1,1,none,0,NA,25,0,NA,18.0,23.7,17.7,24.0,0,0,0,10,0,0,0,10,0,0,NA,NA,NA,NA,NA,NA,NA,NA,NA,NA,NA,NA,NA,1,"CK, LR"
2015-05-31,D03,Sutil Narrows,13:04,NA,NA,"Brett Johnson, Luke Rogers, Carolyn Knapper",1,30,1,1,0,none,0.1-5,NW,75,1,NA,NA,NA,NA,NA,NA,NA,NA,NA,NA,NA,NA,NA,NA,NA,NA,NA,NA,NA,NA,NA,NA,NA,NA,NA,NA,NA,bycatch 200 squuid,NA,"CK, LR"
2015-05-31,D04,Fransisco Point,12:18,NA,NA,"Brett Johnson, Luke Rogers, Carolyn Knapper",0,19,0,0,0,none,0.1-5,NW,75,1,NA,NA,NA,NA,NA,NA,NA,NA,NA,NA,NA,NA,NA,NA,NA,NA,NA,NA,NA,NA,NA,NA,NA,NA,NA,NA,NA,NA,NA,"CK, LR"
2015-05-31,D05,Lewis Channel,08:47,NA,NA,"Brett Johnson, Luke Rogers, Carolyn Knapper",0,21,0,0,0,none,0,NA,25,0,NA,NA,NA,NA,NA,NA,NA,NA,NA,NA,NA,NA,NA,NA,NA,NA,NA,NA,NA,NA,NA,NA,NA,NA,NA,NA,NA,NA,NA,"CK, LR"
2015-05-31,D08,Calm Channel,06:25,50.31763,-125.04942,"Brett Johnson, Luke Rogers, Carolyn Knapper",1,5,1,1,1,none,0.1-5,NW,25,1,11.0,17.7,23.3,17.9,23.5,2,2,10,60,0,0,0,0,1,1,NA,NA,NA,NA,NA,NA,NA,NA,NA,NA,NA,NA,Salmon Farms: Raza Island 10 pens stocked.,1,"KI, LR"
2015-05-31,J03,Cracroft Point,09:45,50.54605,-126.66218,"Lauren Portner, Katie Chan, Carson White",1,30,2,0,2,none,0.1-5,NW,100,0,5.5,10.5,28.6,10.4,28.6,30,400,10,200,10,20,0,0,0,0,NA,NA,NA,NA,NA,NA,NA,NA,NA,NA,NA,NA,NA,1,DS
2015-05-31,J04,Forward Bay,06:45,50.52152,-126.40028,"Lauren Portner, Katie Chan, Carson White",1,90,1,0,1,none,0.1-5,NW,100,0,8.1,10.0,28.6,9.9,28.6,30,100,10,200,3,3,0,0,0,0,NA,NA,NA,NA,NA,NA,NA,NA,NA,NA,NA,NA,NA,1,DS
2015-05-31,J09,Blinkhorn Peninsula,12:30,50.53808,-126.77494,"Lauren Portner, Katie Chan, Carson White",1,15,2,0,2,none,0.1-5,NW,50,0,7.6,10.7,28.7,10.7,28.6,30,400,10,100,0,0,1,1,0,0,NA,NA,NA,NA,NA,NA,NA,NA,NA,NA,NA,NA,NA,1,DS
2015-05-31,J10,Hanson South,15:05,NA,NA,"Lauren Portner, Katie Chan, Carson White",0,120,1,1,0,none,5-10,NW,0,2,NA,NA,NA,NA,NA,NA,NA,NA,NA,NA,NA,NA,NA,NA,NA,NA,NA,NA,NA,NA,NA,NA,NA,NA,NA,NA,NA,fish not at depth,NA,DS
2015-06-01,D09,Okisollo Channel,12:53,50.30492,-125.33058,"Carolyn Knapper, Brett Johnson, Luke Rogers",1,5,2,1,0,light,0,NA,100,0,12.5,11.7,28.6,11.3,28.8,30,500,10,100,3,4,0,0,0,0,NA,NA,NA,NA,NA,NA,NA,NA,NA,NA,NA,NA,NA,1,"BJ, LR"
2015-06-01,D10,Hall Point,06:34,50.44527,-125.27740,"Carolyn Knapper, Brett Johnson, Luke Rogers",1,4,0,1,1,none,0.1-5,NW,75,1,9.8,10.4,28.6,10.3,28.6,30,800,0,2,1,1,1,1,0,0,NA,NA,NA,NA,NA,NA,NA,NA,NA,NA,NA,NA,NA,1,CK
2015-06-01,D11,Turn Island,09:32,50.34762,-125.45358,"Carolyn Knapper, Brett Johnson, Luke Rogers",3,35,0,2,1,none,0.1-5,W,75,2,12.6,11.1,28.9,10.9,29.0,30,100,10,200,1,1,1,1,1,1,chinook,1,NA,NA,NA,NA,NA,NA,NA,NA,NA,NA,NA,1,"BJ, LR"
2015-06-01,J01,Hanson North,07:40,50.57871,-126.72129,"Lauren Portner, Katie Chan, Dylan Smyth",1,110,2,1,2,none,0.1-5,NW,100,0,10.9,9.7,29.0,9.6,29.1,25,25,10,300,1,1,5,5,1,1,NA,NA,NA,NA,NA,NA,NA,NA,NA,NA,NA,NA,NA,1,KC
2015-06-01,J02,Swanson Island,05:30,50.60051,-126.70319,"Lauren Portner, Katie Chan, Dylan Smyth",1,10,2,1,1,none,0,NA,100,1,6.1,10.0,28.8,9.9,28.9,30,400,5,10,0,0,0,0,0,0,NA,NA,NA,NA,NA,NA,NA,NA,NA,NA,NA,NA,NA,1,KC
2015-06-01,J10,Hanson South,12:30,50.55853,-126.73145,"Lauren Portner, Katie Chan, Dylan Smyth",1,15,2,1,1,none,0.1-5,NW,100,0,9.1,11.1,28.6,10.7,28.6,30,300,10,100,0,0,4,4,2,10,NA,NA,NA,NA,NA,NA,NA,NA,NA,NA,NA,NA,NA,1,KC
2015-06-02,J05,Stimpson Point,05:20,50.50763,-126.24218,"Carson White, Donnah MacKinnon, Lauren Portner",1,25,0,1,1,light,0-5,NW,100,1,12.1,9.8,28.7,9.8,28.8,30,200,10,600,0,0,3,10,0,0,NA,NA,NA,NA,NA,NA,NA,NA,NA,NA,NA,NA,NA,1,DM
2015-06-02,J06,Blenkinsop Bay,11:00,NA,NA,"Carson White, Donnah MacKinnon, Lauren Portner",1,20,1,1,0,none,5-10,NW,0,3,NA,NA,NA,NA,NA,NA,NA,NA,NA,NA,NA,NA,NA,NA,NA,NA,NA,NA,NA,NA,NA,NA,NA,NA,NA,NA,NA,snagged net on bottom- no fish. strong current dragged us into the shallows ,NA,DM
2015-06-02,J07,South Mouth,08:25,50.45649,-126.16619,"Carson White, Donnah MacKinnon, Lauren Portner",1,25,2,2,1,none,0.1-5,NW,100,1,11.7,9.9,28.7,9.9,28.7,30,500,10,500,5,5,0,0,2,10,NA,NA,NA,NA,NA,NA,NA,NA,NA,NA,NA,NA,NA,1,DM
2015-06-03,D09,Okisollo Channel,13:11,50.30759,-125.32969,"Kristi Inman, Luke Rogers, Carolyn Knapper, Dylan Smyth",1,20,0,2,2,none,10-15,W,25,2,9.9,11.8,28.6,11.6,28.7,30,40,10,40,7,7,0,0,1,1,tidepool sculpin ,1,stickleback ,4,NA,NA,sockeye,1,NA,NA,NA,NA,Salmon Farms: Brent Island 12 pens stocked; Venture Point 12 pens stocked; Okisolo Channel nets in bags on walkways; Barnes Bay NA.,1,"KI, LR"
2015-06-03,D10,Hall Point,06:42,50.44217,-125.27406,"Kristi Inman, Luke Rogers, Carolyn Knapper, Dylan Smyth",3,56,2,2,2,none,0,NA,100,0,12.3,10.1,29.0,10.2,28.9,30,500,10,300,1,2,0,0,1,1,NA,NA,NA,NA,NA,NA,NA,NA,NA,NA,NA,NA,NA,1,"KI, LR"
2015-06-03,D11,Turn Island,10:21,50.34851,-125.44831,"Kristi Inman, Luke Rogers, Carolyn Knapper, Dylan Smyth",2,19,0,2,2,none,0.1-5,W,100,1,12.2,10.9,29.1,10.8,29.2,12,15,10,300,0,0,1,1,0,0,NA,NA,NA,N,NA,NA,NA,NA,NA,NA,NA,NA,Salmon Farms: North Nodales nets being delivered.,1,"KI, LR"
2015-06-03,J04,Forward Bay,12:32,NA,NA,"Sean Godwin, Mack Bartlett, Samantha Crowley",0,90,0,1,0,light,5-10,SW,75,3,NA,NA,NA,NA,NA,NA,NA,NA,NA,NA,NA,NA,NA,NA,NA,NA,NA,NA,NA,NA,NA,NA,NA,NA,NA,NA,NA,NA,NA,SG
2015-06-03,J06,Blenkinsop Bay,06:15,50.48189,-126.01128,"Carson White, Katie Chan, Lauren Portner",1,75,2,1,0,none,5-10,NW,100,1,10.2,10.1,28.4,10.0,28.5,30,100,10,100,3,3,0,0,0,0,NA,NA,NA,NA,NA,NA,NA,NA,NA,NA,NA,NA,NA,1,SG
2015-06-03,J08,Naka Creek,10:15,50.48072,-126.40915,"Sean Godwin, Mack Bartlett, Samantha Crowley",1,0,2,2,1,none,0.1-5,NW,75,1,10.7,10.1,28.6,10.1,28.6,30,15000,10,2000,0,1,0,0,0,0,NA,NA,NA,NA,NA,NA,NA,NA,NA,NA,NA,NA,"could not find herring again because too many fish; unsure of herring, pink, and coho numbers because too many fish",1,SG
2015-06-03,J09,Blinkhorn Peninsula,14:55,50.53944,-126.78254,"Sean Godwin, Mack Bartlett, Samantha Crowley",1,1,1,2,2,none,0.1-5,W,75,1,9.6,11.3,28.3,10.9,28.6,30,100,10,200,5,5,0,0,0,0,NA,NA,NA,NA,NA,NA,NA,NA,NA,NA,NA,NA,NA,1,SG
2015-06-04,D02,Kinghorn Island,10:11,NA,NA,"Luke Rogers, Carolyn Knapper, Brett Johnson, Dylan Smyth",0,12,0,0,0,none,0.1-5,NW,0,1,NA,NA,NA,NA,NA,NA,NA,NA,NA,NA,NA,NA,NA,NA,NA,NA,NA,NA,NA,NA,NA,NA,NA,NA,NA,NA,NA,NA,NA,BJ
2015-06-04,D05,Lewis Channel,09:28,NA,NA,"Carolyn Knapper, Brett Johnson, Luke Rogers, Dylan Smyth",0,16,0,0,0,none,0.1-5,NW,0,1,NA,NA,NA,NA,NA,NA,NA,NA,NA,NA,NA,NA,NA,NA,NA,NA,NA,NA,NA,NA,NA,NA,NA,NA,NA,NA,NA,NA,NA,BJ
2015-06-04,D06,Gowlland Harbour,11:32,50.07966,-125.24845,"Luke Rogers, Carolyn Knapper, Brett Johnson, Dylan Smyth",2,27,2,1,1,none,0,NA,0,0,10.8,12.4,28.1,12.1,28.2,15,40,3,20,0,0,0,0,4,20,stickleback,400,sculpin,2,NA,NA,NA,NA,NA,NA,NA,NA,"Sighted outside of sets: 10,000 herring 30-40 mm length.",1,"BJ, LR"
2015-06-04,D08,Calm Channel,06:23,50.31954,-125.04247,"Carolyn Knapper, Brett Johnson, Luke Rogers, Dylan Smyth",1,13,0,1,1,none,0,NA,0,1,11.5,17.2,16.4,16.3,17.2,29,60,2,2,0,0,0,0,0,0,NA,NA,NA,NA,NA,NA,NA,NA,NA,NA,NA,NA,Salmon Farms: Raza Island 10 pens stocked. Sockeye miscount: new convention two independent counts of fish taken prior to net release.,1,BJ
2015-06-04,D12,Hyacinthe Bay,14:20,NA,NA,"Carolyn Knapper, Brett Johnson, Luke Rogers, Dylan Smyth",0,20,0,1,1,none,0.1-5,SE,0,1,NA,NA,NA,NA,NA,NA,NA,NA,NA,NA,NA,NA,NA,NA,NA,NA,NA,NA,NA,NA,NA,NA,NA,NA,NA,NA,NA,NA,NA,BJ
2015-06-04,J02,Swanson Island,13:40,50.59560,-126.69022,"Sean Godwin, Mack Bartlett, Donnah MacKinnon",3,50,2,2,1,none,0.1-5,NW,0,1,16.2,11.3,29.4,9.9,29.2,30,300,10,300,0,0,6,6,1,1,juvenile chinook,1,NA,NA,NA,NA,NA,NA,NA,NA,NA,NA,"CO-03, CO-05, CO-06 did not have white-tipped anal fin. Probably a chinook, but no black gums. Not chum, pink or sockeye. Check species ID in lab.",1,MB
2015-06-04,J03,Cracroft Point,10:00,50.54216,-126.63511,"Sean Godwin, Mack Bartlett, Donnah MacKinnon",1,50,1,1,0,none,0.1-5,SW,25,1,10.8,10.7,28.7,10.5,28.7,30,200,10,300,10,15,0,0,7,7,NA,NA,NA,NA,NA,NA,NA,NA,NA,NA,NA,NA,31 Sockeye taken by accident. One possibly without label,1,MB
2015-06-04,J04,Forward Bay,06:30,50.52232,-126.39556,"Sean Godwin, Mack Bartlett, Donnah MacKinnon",1,30,1,1,1,none,0.1-5,SW,50,1,10.6,10.3,28.0,10.2,28.2,30,300,10,500,2,2,0,0,0,0,NA,NA,NA,NA,NA,NA,chum,4,NA,NA,NA,NA,"labeled CU5 is actually CU4; CU6 is CU5; CU7 is CU6; CU8 is CU7; CU9 is CU8, CU10 is CU9, CU4 is CU10",1,MB
2015-06-05,D07,Hoskyn Channel,14:00,50.19112,-125.14202,"Luke Rogers, Brett Johnson, Kristi Inman",1,9,0,1,1,none,0.1-5,SE,75,1,14.9,18.4,25.4,18.0,25.4,13,13,10,100,0,1,0,0,0,0,NA,NA,NA,NA,NA,NA,chum,1,NA,NA,NA,NA,NA,1,LR
2015-06-05,D09,Okisollo Channel,10:59,50.30771,-125.32864,"Luke Rogers, Brett Johnson, Kristi Inman",1,15,1,1,1,none,0,NA,0,0,13.3,11.9,28.4,11.7,28.4,30,100,10,200,1,1,1,4,0,0,NA,NA,NA,NA,NA,NA,NA,NA,NA,NA,NA,NA,Salmon Farms: Brent Island 12 pens stocked; Venture Point 12 pens stocked; Okisolo Channel NA; Barnes Bay NA.,1,LR
2015-06-05,D10,Hall Point,07:00,50.44342,-125.27904,"Luke Rogers, Brett Johnson, Kristi Inman",1,19,0,0,0,none,0.1-5,N,25,1,13.2,10.6,28.4,10.7,28.4,22,25,10,600,1,3,0,0,3,5,NA,NA,NA,NA,NA,NA,NA,NA,NA,NA,NA,NA,NA,1,LR
2015-06-05,D11,Turn Island,10:13,NA,NA,"Luke Rogers, Brett Johnson, Kristi Inman",0,15,0,1,1,none,5-10,NW,25,1,NA,NA,NA,NA,NA,NA,NA,NA,NA,NA,NA,NA,NA,NA,NA,NA,NA,NA,NA,NA,NA,NA,NA,NA,NA,NA,NA,NA,NA,LR
2015-06-05,J01,Hanson North,08:20,50.56784,-126.69728,"Sean Godwin, Samantha Crowley, Donnah MacKinnon",1,2,2,1,1,none,0.1-5,NE,25,1,14.0,10.1,29.0,9.9,28.8,30,1000,10,400,2,2,3,3,3,3,NA,NA,NA,NA,NA,NA,NA,NA,NA,NA,NA,NA,NA,1,MB
2015-06-05,J10,Hanson South,05:25,50.55855,-126.73248,"Sean Godwin, Samantha Crowley, Donnah MacKinnon",1,5,2,1,0,none,0.1-5,SW,25,1,13.4,9.9,28.7,10.0,28.7,30,300,10,200,0,0,1,1,0,0,NA,NA,NA,NA,NA,NA,NA,NA,NA,NA,NA,NA,NA,1,MB
2015-06-06,D02,Kinghorn Island,12:28,NA,NA,"Luke Rogers, Kristi Inman, Dylan Smyth, Midoli Bresch",0,10,0,0,0,none,0.1-5,S,0,1,NA,NA,NA,NA,NA,NA,NA,NA,NA,NA,NA,NA,NA,NA,NA,NA,NA,NA,NA,NA,NA,NA,NA,NA,NA,NA,NA,NA,NA,LR
2015-06-06,D03,Sutil Narrows,13:36,NA,NA,"Luke Rogers, Kristi Inman, Dylan Smyth, Midoli Bresch",0,16,0,1,1,none,0.1-5,NW,0,1,NA,NA,NA,NA,NA,NA,NA,NA,NA,NA,NA,NA,NA,NA,NA,NA,NA,NA,NA,NA,NA,NA,NA,NA,NA,NA,NA,NA,NA,LR
2015-06-06,D05,Lewis Channel,11:47,NA,NA,"Luke Rogers, Kristi Inman, Dylan Smyth, Midoli Bresch",0,14,0,0,0,none,0.1-5,NW,0,2,NA,NA,NA,NA,NA,NA,NA,NA,NA,NA,NA,NA,NA,NA,NA,NA,NA,NA,NA,NA,NA,NA,NA,NA,NA,NA,NA,NA,NA,LR
2015-06-06,D08,Calm Channel,10:06,NA,NA,"Luke Rogers, Kristi Inman, Dylan Smyth, Midoli Bresch",1,22,0,0,1,none,0.1-5,NW,0,1,NA,NA,NA,NA,NA,NA,NA,NA,NA,NA,NA,NA,NA,NA,NA,NA,NA,NA,NA,NA,NA,NA,NA,NA,NA,NA,NA,"CU = 100 total, CO = 1 total, released",NA,LR
2015-06-06,J05,Stimpson Point,05:40,NA,NA,"Sean Godwin, Mack Bartlett, Samantha Crowley",0,15,0,0,0,none,5-10,SW,100,3,NA,NA,NA,NA,NA,NA,NA,NA,NA,NA,NA,NA,NA,NA,NA,NA,NA,NA,NA,NA,NA,NA,NA,NA,NA,NA,NA,NA,NA,SC
2015-06-06,J06,Blenkinsop Bay,08:25,NA,NA,"Sean Godwin, Mack Bartlett, Samantha Crowley",1,10,2,1,1,none,10-15,NW,25,3,NA,NA,NA,NA,NA,NA,NA,NA,NA,NA,NA,NA,NA,NA,NA,NA,NA,NA,NA,NA,NA,NA,NA,NA,NA,NA,NA,NA,NA,SC
2015-06-06,J07,South Mouth,06:20,50.45987,-126.16961,"Sean Godwin, Mack Bartlett, Samantha Crowley",1,20,1,1,1,none,5-10,N,100,2,13.6,10.0,28.7,9.9,28.7,30,100,10,100,0,0,0,0,3,3,NA,NA,NA,NA,NA,NA,sockeye,1,NA,NA,NA,NA,Ipad forms won't open- error message (note after data entry: ipad form fixed and submitted),1,SC
2015-06-07,D07,Hoskyn Channel,14:13,50.19150,-125.14292,"Luke Rogers, Brett Johnson, Dylan Smyth, Midoli Bresch",2,17,0,2,1,none,0.1-5,E,0,1,13.9,16.8,26.6,16.5,26.8,30,30,10,70,0,0,0,0,6,6,chinook,2,NA,NA,NA,NA,sockeye,1,chinook,1,NA,NA,NA,1,LR
2015-06-07,D09,Okisollo Channel,10:51,50.30812,-125.32690,"Luke Rogers, Brett Johnson, Dylan Smyth, Midoli Bresch",1,5,0,2,1,none,5-10,W,0,2,16.2,11.7,28.5,11.7,28.6,30,40,10,10,1,1,0,0,1,1,NA,NA,NA,NA,NA,NA,NA,NA,NA,NA,NA,NA,Salmon Farms: Brent Island 12 pens stocked; Venture Point 12 pens stocked; Okisolo Channel nets in bags on walkways; Barnes Bay NA.,1,LR
2015-06-07,J04,Forward Bay,09:40,NA,NA,"Sean Godwin, Mack Bartlett, Donnah MacKinnon",0,30,0,0,0,none,5-10,SW,0,2,NA,NA,NA,NA,NA,NA,NA,NA,NA,NA,NA,NA,NA,NA,NA,NA,NA,NA,NA,NA,NA,NA,NA,NA,NA,NA,NA,net not set due to poor weather and lack of fish,NA,SG
2015-06-07,J04,Forward Bay,13:30,NA,NA,"Sean Godwin, Mack Bartlett, Donnah MacKinnon",0,20,0,0,0,none,0.1-5,SW,0,2,NA,NA,NA,NA,NA,NA,NA,NA,NA,NA,NA,NA,NA,NA,NA,NA,NA,NA,NA,NA,NA,NA,NA,NA,NA,NA,NA,NA,NA,SG
2015-06-07,J05,Stimpson Point,07:45,50.49983,-126.20581,"Sean Godwin, Mack Bartlett, Donnah MacKinnon",1,10,1,0,0,none,0.1-5,SW,0,1,13.4,9.9,28.7,9.9,28.7,30,300,10,300,0,0,1,1,0,0,NA,NA,NA,NA,NA,NA,NA,NA,NA,NA,NA,NA,NA,1,SG
2015-06-07,J06,Blenkinsop Bay,05:05,50.47794,-126.02803,"Sean Godwin, Mack Bartlett, Donnah MacKinnon",1,5,1,0,1,none,5-10,SW,0,2,12.2,9.9,28.5,9.8,28.6,30,100,10,200,2,2,4,4,0,0,NA,NA,NA,NA,NA,NA,NA,NA,NA,NA,NA,NA,"CO-03 might be a chinook, make sure to check ID in lab",1,SG
2015-06-07,J08,Naka Creek,11:00,50.47923,-126.41485,"Sean Godwin, Mack Bartlett, Donnah MacKinnon",2,1,2,2,1,none,5-10,SW,0,2,11.8,10.8,10.7,28.5,28.5,30,200,10,4000,0,1,0,0,3,3,NA,NA,NA,NA,NA,NA,NA,NA,NA,NA,NA,NA,"Too many fish to say that there wer no other herring, coho, or pink. Definitely missed one herring that could not be found again in net.",1,SG
2015-06-07,J09,Blinkhorn Peninsula,14:35,50.53900,-126.77810,"Sean Godwin, Mack Bartlett, Donnah MacKinnon",1,1,1,1,1,none,0.1-5,SW,0,1,13.9,12.0,28.7,11.3,28.7,29,400,10,600,0,0,1,1,10,30,NA,NA,NA,NA,NA,NA,NA,NA,NA,NA,NA,NA,NA,1,SG
2015-06-08,J01,Hanson North,13:34,50.57687,-126.72184,"Lauren Portner, Chris Guinchard, Stephanie Peacock",1,30,1,2,1,none,0.1-5,NW,100,1,9.3,11.4,29.2,11.0,29.3,30,200,10,300,0,0,3,3,10,30,perch,1,NA,NA,NA,NA,NA,NA,NA,NA,NA,NA,NA,1,LP
2015-06-08,J03,Cracroft Point,10:20,50.54418,-126.63202,"Lauren Portner, Chris Guinchard, Stephanie Peacock",1,45,2,2,0,none,0.1-5,NW,100,1,8.0,11.4,28.8,10.6,28.8,30,200,10,200,2,3,0,0,1,1,NA,NA,NA,NA,NA,NA,NA,NA,NA,NA,NA,NA,"3 herring in net, only took 2, one jumped out of net; all sockeye from this site were labeled 20150508 instead of 20150608, mistake caught after fish dewar- made note on group labels about this for both bundles of 15 sockeye for this site",1,LP
2015-06-08,J04,Forward Bay,06:05,50.52411,-126.39107,"Sean Godwin, Mack Bartlett, Samantha Crowley",1,20,1,1,0,light,0.1-5,SW,100,1,13.2,10.0,28.1,9.9,28.8,30,300,10,300,2,3,1,1,2,2,NA,NA,NA,NA,NA,NA,NA,NA,NA,NA,NA,NA,"3 herring in the net, but only took 2 because one jumped out of  milk jug",1,LP
2015-06-09,D05,Lewis Channel,12:05,NA,NA,"Luke Rogers, Kristi Inman, Carson White, Brian Hunt",0,13,0,1,0,none,10-15,W,0,4,NA,NA,NA,NA,NA,NA,NA,NA,NA,NA,NA,NA,NA,NA,NA,NA,NA,NA,NA,NA,NA,NA,NA,NA,NA,NA,NA,fish too sparse to target,1,"BJ, LR"
2015-06-09,D07,Hoskyn Channel,13:22,50.19077,-125.14249,"Luke Rogers, Kristi Inman, Carson White, Brian Hunt",1,8,0,1,1,none,5-10,NW,0,1,11.5,11.8,28.6,11.7,28.6,30,200,10,100,0,1,5,7,2,2,NA,NA,NA,NA,NA,NA,NA,NA,NA,NA,NA,NA,11 sockeye taken for DFO 6 frozen 5 formalin ,1,"BJ, LR"
2015-06-09,D08,Calm Channel,10:20,NA,NA,"Luke Rogers, Kristi Inman, Carson White, Brian Hunt",2,27,0,1,1,none,0.1-5,S,0,1,NA,NA,NA,NA,NA,NA,NA,NA,NA,NA,NA,NA,NA,NA,NA,NA,NA,NA,NA,NA,NA,NA,NA,NA,NA,NA,NA,"First set 40 chum, second set 0 fish.",1,"BJ, LR"
2015-06-09,D09,Okisollo Channel,06:34,50.30734,-125.33514,"Luke Rogers, Carson White, Kristi Inman, Brian Hunt",2,30,0,1,1,none,5-10,W,25,2,11.6,11.4,28.7,11.4,28.8,27,27,10,100,3,3,0,0,1,1,chinook,1,NA,NA,NA,NA,NA,NA,NA,NA,NA,NA,Net collapse first set,1,"KI, LR"
2015-06-09,J02,Swanson Island,07:00,50.59537,-126.69062,"Mack Bartlett, Chris Guinchard, Katie Chan",1,45,1,0,1,none,0.1-5,NW,100,1,9.1,9.5,29.1,9.5,29.1,30,200,10,200,2,2,7,7,0,0,"gunnel species- 45cm, orange in color",3,"unidentified salmonid, ~20cm",NA,NA,NA,chum,1,NA,NA,NA,NA,NA,1,LP
2015-06-09,J10,Hanson South,10:30,NA,NA,"Mack Bartlett, Chris Guinchard, Katie Chan",0,1,1,1,1,none,10-15,SW,75,3,NA,NA,NA,NA,NA,NA,NA,NA,NA,NA,NA,NA,NA,NA,NA,NA,NA,NA,NA,NA,NA,NA,NA,NA,NA,NA,NA,net not set due to unfavourable conditions,NA,LP
2015-06-11,D07,Hoskyn Channel,12:05,50.19017,-125.14437,"Brett Johnson, Luke Rogers, Carolyn Knapper, Grant Callegri",1,17,0,2,1,none,0.1-5,E,0,3,12.9,11.6,28.7,11.4,28.7,1,1,10,25,0,0,10,20,3,3,NA,NA,NA,NA,NA,NA,NA,NA,NA,NA,NA,NA,NA,1,KI
2015-06-11,D09,Okisollo Channel,09:20,50.30806,-125.32972,"Brett Johnson, Luke Rogers, Carolyn Knapper, Grant Callegri",1,3,0,1,0,none,0.1-5,W,75,2,14.3,11.6,28.8,11.5,28.8,30,100,10,100,5,5,0,0,1,1,NA,NA,NA,NA,NA,NA,NA,NA,NA,NA,NA,NA,Samples marked D09(2). Initial set removed due to potential bias from snag on bottom.,1,"KI, LR"
2015-06-11,J05,Stimpson Point,07:12,50.50008,-126.20937,"Lauren Portner, Chris Guinchard, Katie Chan",1,15,2,2,1,none,0.1-5,NE,75,2,12.1,10.0,28.8,10.0,28.8,30,500,10,500,3,5,0,0,10,20,chinook,1,NA,NA,NA,NA,sockeye,1,NA,NA,NA,NA,"5 herring in net, only took 3, 2 escaped when releasing sockeye, pink & chum",1,KC
2015-06-11,J06,Blenkinsop Bay,16:30,NA,NA,"Lauren Portner, Chris Guinchard, Katie Chan",0,5,0,1,0,none,15-20,NW,50,4,NA,NA,NA,NA,NA,NA,NA,NA,NA,NA,NA,NA,NA,NA,NA,NA,NA,NA,NA,NA,NA,NA,NA,NA,NA,NA,NA,"fish not at depth, poor weather",NA,KC
2015-06-11,J07,South Mouth,11:45,50.45951,-126.16958,"Lauren Portner, Chris Guinchard, Katie Chan",1,1,2,2,0,none,5-10,NW,50,1,8.9,11.2,28.6,10.6,28.7,30,2000,10,4000,10,60,0,0,4,50,NA,NA,NA,NA,NA,NA,NA,NA,NA,NA,NA,NA,"saw 1 coho in net, never saw it again with all the other fish; difficult to sort through school to find other pinks",1,KC
2015-06-12,D07,Hoskyn Channel,09:52,NA,NA,"Brett Johnson, Kristi Inman, Luke Rogers",0,23,0,1,1,none,5-10,NW,25,1,NA,NA,NA,NA,NA,NA,NA,NA,NA,NA,NA,NA,NA,NA,NA,NA,NA,NA,NA,NA,NA,NA,NA,NA,NA,NA,NA,Too sparse to target,NA,"KI, LR"
2015-06-12,J06,Blenkinsop Bay,05:37,50.47959,-126.02629,"Lauren Portner, Mack Bartlett, Katie Chan",1,10,2,1,0,none,5-10,NW,75,1,8.2,10.2,28.5,10.2,28.5,4,4,10,50,10,11,1,1,0,0,stickleback,1,NA,NA,NA,NA,NA,NA,NA,NA,NA,NA,NA,1,LP
2015-06-13,D01,Hurtado Point,09:35,NA,NA,"Brett Johnson, Kristi Inman, Luke Rogers",0,22,0,0,0,none,5-10,NW,0,2,NA,NA,NA,NA,NA,NA,NA,NA,NA,NA,NA,NA,NA,NA,NA,NA,NA,NA,NA,NA,NA,NA,NA,NA,NA,NA,NA,No surface activity,NA,"KI, LR"
2015-06-13,D02,Kinghorn Island,10:30,NA,NA,"Brett Johnson, Kristi Inman, Luke Rogers",0,36,0,0,0,none,0.1-5,NW,0,1,NA,NA,NA,NA,NA,NA,NA,NA,NA,NA,NA,NA,NA,NA,NA,NA,NA,NA,NA,NA,NA,NA,NA,NA,NA,NA,NA,No surface activity,NA,"KI, LR"
2015-06-13,D03,Sutil Narrows,13:43,NA,NA,"Brett Johnson, Kristi Inman, Luke Rogers",0,27,0,0,0,none,0.1-5,N,0,1,NA,NA,NA,NA,NA,NA,NA,NA,NA,NA,NA,NA,NA,NA,NA,NA,NA,NA,NA,NA,NA,NA,NA,NA,NA,NA,NA,No surface activity,NA,"KI, LR"
2015-06-13,D05,Lewis Channel,11:30,NA,NA,"Brett Johnson, Kristi Inman, Luke Rogers",1,21,0,1,0,none,0.1-5,NW,0,2,NA,NA,NA,NA,NA,NA,NA,NA,NA,NA,NA,NA,NA,NA,NA,NA,NA,NA,NA,NA,NA,NA,NA,NA,NA,NA,NA,NA,NA,KI
2015-06-13,D07,Hoskyn Channel,14:29,50.19051,-125.14440,"Brett Johnson, Kristi Inman, Luke Rogers",1,10,0,1,1,none,5-10,NW,0,1,11.4,12.5,28.9,11.9,28.8,22,23,10,100,0,0,5,6,3,3,chinook,2,NA,NA,NA,NA,Chinook,1,NA,NA,NA,NA,Fish with lesions SO # 10,1,KI
2015-06-13,D08,Calm Channel,12:38,NA,NA,"Brett Johnson, Kristi Inman, Luke Rogers",0,21,0,0,0,none,5-10,NA,0,3,NA,NA,NA,NA,NA,NA,NA,NA,NA,NA,NA,NA,NA,NA,NA,NA,NA,NA,NA,NA,NA,NA,NA,NA,NA,NA,NA,No surface activity,NA,KI
2015-06-13,J01,Hanson North,09:20,NA,NA,"Lauren Portner, Mack Bartlett, Chris Guinchard",0,26,1,1,1,none,5-10,N,25,3,NA,NA,NA,NA,NA,NA,NA,NA,NA,NA,NA,NA,NA,NA,NA,NA,NA,NA,NA,NA,NA,NA,NA,NA,NA,NA,NA,"fish not at depth, poor weather",NA,KC
2015-06-13,J03,Cracroft Point,08:35,NA,NA,"Lauren Portner, Mack Bartlett, Chris Guinchard",0,40,1,0,1,none,5-10,SW,50,2,NA,NA,NA,NA,NA,NA,NA,NA,NA,NA,NA,NA,NA,NA,NA,NA,NA,NA,NA,NA,NA,NA,NA,NA,NA,NA,NA,"fish not at depth, poor weather",NA,KC
2015-06-13,J09,Blinkhorn Peninsula,11:50,50.53988,-126.78291,"Lauren Portner, Mack Bartlett, Chris Guinchard",2,0,2,2,1,none,5-10,SW,25,1,11.3,10.6,28.8,10.5,28.9,30,1000,10,900,0,0,6,6,0,0,NA,NA,NA,NA,NA,NA,NA,NA,NA,NA,NA,NA,NA,1,KC
2015-06-14,D09,Okisollo Channel,07:30,50.30767,-125.33023,"Luke Rogers, Carolyn Knapper, Brett Johnson",2,31,2,1,1,none,0,NA,0,0,13.2,11.4,28.9,11.3,28.9,26,26,10,200,2,2,0,0,1,1,NA,NA,NA,NA,NA,NA,NA,NA,NA,NA,NA,NA,SO 2 and 26 had lesions on dorasl surface of body. SO 4 had hemorrhaging gills. HE 1 had hem. fins.,1,KI
2015-06-14,D10,Hall Point,13:56,NA,NA,"Luke Rogers, Carolyn Knapper, Brett Johnson",2,33,2,1,1,none,0,NA,0,0,NA,NA,NA,NA,NA,NA,NA,NA,NA,NA,NA,NA,NA,NA,NA,Quillback,1,NA,NA,NA,NA,NA,NA,NA,NA,NA,NA,No sockeye in sets,NA,KI
2015-06-14,D11,Turn Island,10:58,50.34741,-125.45333,"Luke Rogers, Carolyn Knapper, Brett Johnson",1,17,0,1,1,none,0.1-5,W,0,1,15.6,11.0,29.2,10.9,29.3,30,600,10,400,0,0,1,1,2,10,NA,NA,NA,NA,NA,NA,NA,NA,NA,NA,NA,NA,NA,1,KI
2015-06-14,J05,Stimpson Point,14:05,50.49881,-126.21349,"Sean Godwin, Carson White, Melissa Orobko",1,10,0,1,1,none,10-15,S ,25,3,13.7,10.6,28.7,10.3,28.7,30,300,10,700,0,0,0,0,2,2,NA,NA,NA,NA,NA,NA,NA,NA,NA,NA,NA,NA,NA,1,SC
2015-06-14,J06,Blenkinsop Bay,08:50,50.47679,-126.02843,"Sean Godwin, Donnah MacKinnon, Samantha Crowley",4,5,1,1,1,none,5-10,SW,0,1,13.0,10.7,28.3,10.3,28.5,30,600,10,600,1,1,0,0,10,30,NA,NA,NA,NA,NA,NA,NA,NA,NA,NA,NA,NA,"one fish discarded because ID unsure.  Had both chum and sockeye characteristics.  Not pink, coho, or chinook.",1,SC
2015-06-14,J07,South Mouth,11:20,50.45698,-126.16944,"Sean Godwin, Donnah MacKinnon, Samantha Crowley",1,3,2,2,2,none,0.1-5,NW,25,1,12.0,10.4,28.8,10.4,28.9,30,1000,10,3000,10,20,0,0,7,7,NA,NA,NA,NA,NA,NA,NA,NA,NA,NA,NA,NA,NA,1,SC
2015-06-15,D04,Fransisco Point,11:18,NA,NA,"Luke Rogers, Brett Johnson, Alex Hare",0,15,0,0,0,none,0.1-5,NE,0,1,NA,NA,NA,NA,NA,NA,NA,NA,NA,NA,NA,NA,NA,NA,NA,NA,NA,NA,NA,NA,NA,NA,NA,NA,NA,NA,NA,No surface activity,NA,KI
2015-06-15,D06,Gowlland Harbour,10:18,NA,NA,"Luke Rogers, Brett Johnson, Alex Hare",0,31,0,0,0,none,0.1-5,NW,0,1,NA,NA,NA,NA,NA,NA,NA,NA,NA,NA,NA,NA,NA,NA,NA,NA,NA,NA,NA,NA,NA,NA,NA,NA,NA,NA,NA,No surface activity,NA,KI
2015-06-15,D07,Hoskyn Channel,12:21,NA,NA,"Luke Rogers, Brett Johnson, Alex Hare",1,44,0,1,1,none,0.1-5,N,0,1,NA,NA,NA,NA,NA,NA,NA,NA,NA,NA,NA,NA,NA,NA,NA,NA,NA,NA,NA,NA,NA,NA,NA,NA,NA,NA,NA,No sockeye in set,NA,KI
2015-06-15,D09,Okisollo Channel,07:50,NA,NA,"Luke Rogers, Brett Johnson, Alex Hare",1,54,0,0,1,none,0.1-5,SW,0,1,NA,NA,NA,NA,NA,NA,NA,NA,NA,NA,NA,NA,NA,NA,NA,NA,NA,NA,NA,NA,NA,NA,NA,NA,NA,NA,NA,No sockeye in set,NA,KI
2015-06-15,J03,Cracroft Point,11:30,50.54719,-126.67487,"Sean Godwin, Carson White, Donnah MacKinnon",2,4,1,0,1,none,5-10,W,100,1,11.9,10.2,28.9,10.0,28.9,30,100,10,500,,,,,,,NA,NA,NA,NA,NA,NA,NA,NA,NA,NA,NA,NA,"Number taken and total in set not recorded for herring, coho, and pink. Sean's fault for not checking. Make sure to record in lab later (or from group labels in -80",1,SG
2015-06-15,J04,Forward Bay,05:20,50.52618,-126.38632,"Sean Godwin, Carson White, Donnah MacKinnon",1,5,1,0,1,none,0.1-5,SW,100,1,12.5,10.1,28.7,10.0,28.8,7,7,10,1000,0,0,0,0,0,0,NA,NA,NA,NA,NA,NA,NA,NA,NA,NA,NA,NA,NA,1,SG
2015-06-15,J08,Naka Creek,07:50,50.48035,-126.41265,"Sean Godwin, Donnah MacKinnon, Martin Krkosek",2,0,2,1,2,none,0.1-5,NW,100,1,10.1,10.4,28.8,10.5,28.9,30,100,10,1000,0,1,0,0,10,60,NA,NA,NA,NA,NA,NA,NA,NA,NA,NA,NA,NA,NA,1,SG
2015-06-15,J10,Hanson South,14:00,50.55792,-126.73617,"Sean Godwin, Carson White, Donnah MacKinnon, Melissa Orobko",1,5,0,1,1,none,5-10,SW,25,2,12.3,10.7,28.8,10.3,28.9,30,300,10,500,6,6,1,1,10,40,NA,NA,NA,NA,NA,NA,NA,NA,NA,NA,NA,NA,NA,1,SG
2015-06-16,D07,Hoskyn Channel,15:44,NA,NA,"Luke Rogers, Kristi Inman, Chris Guinchard, Grant Callegari",1,15,0,1,0,none,0.1-5,NE,25,1,NA,NA,NA,NA,NA,NA,NA,NA,NA,NA,NA,NA,10,NA,NA,Yoy herring,5000,sandlance,1,NA,NA,NA,NA,NA,NA,NA,NA,No sockeye in set,NA,KI
2015-06-16,D09,Okisollo Channel,01:50,NA,NA,"Luke Rogers, Kristi Inman, Chris Guinchard, Grant Callegari",1,28,0,1,0,none,0.1-5,W,0,1,NA,NA,NA,NA,NA,NA,NA,NA,NA,NA,NA,NA,NA,NA,NA,NA,NA,NA,NA,NA,NA,NA,NA,NA,NA,NA,NA,No sockeye in set,NA,"KI, LR"
2015-06-16,D10,Hall Point,08:18,NA,NA ,"Luke Rogers, Kristi Inman, Chris Guinchard, Grant Callegari",0,44,0,1,0,none ,5-10,NW,0,1,NA,NA,NA,NA,NA,NA,NA,NA,NA,NA,NA,NA,NA,NA,NA,NA,NA,NA,NA,NA,NA,NA,NA,NA,NA,NA,NA,Too sparse to target,NA,KI
2015-06-16,D11,Turn Island,09:41,50.34866,-125.44482,"Luke Rogers, Kristi Inman, Chris Guinchard, Grant Callegari",3,48,0,1,1,none,5-10,NW,0,1,14.9,11.0,29.3,10.9,29.3,30,200,10,100,0,1,1,1,1,1,Chinook,2,NA,NA,NA,NA,chum,1,NA,NA,NA,NA,NA,1,KI
2015-06-16,J01,Hanson North,06:12,50.58185,-126.71983,"Samantha Crowley, Carson White, Donnah MacKinnon",1,66,1,1,0,none,0.1-5,NW,100,1,11.4,9.5,29.3,9.5,29.4,30,100,10,200,0,0,0,0,10,200,NA,NA,NA,NA,NA,NA,NA,NA,NA,NA,NA,NA,NA,1,DM
2015-06-16,J02,Swanson Island,08:30,50.59549,-126.69036,"Samantha Crowley, Carson White, Donnah MacKinnon",2,30,2,0,1,none,0.1-5,NW,100,1,13.3,9.9,29.3,9.6,29.3,6,6,10,400,1,1,2,3,10,200,NA,NA,NA,NA,NA,NA,NA,NA,NA,NA,NA,NA,NA,1,DM
2015-06-16,J09,Blinkhorn Peninsula,15:30,50.54327,-126.81252,"Samantha Crowley, Carson White, Donnah MacKinnon",2,60,1,1,1,none,5-10,NW,75,1,10.8,10.6,28.9,10.0,29.1,30,700,10,1500,10,20,8,8,9,200,NA,NA,NA,NA,NA,NA,NA,NA,NA,NA,NA,NA,NA,1,DM
2015-06-17,D02,Kinghorn Island,15:26,NA,NA,"Luke Rogers, Kristi Inman, Carolyn Knapper",0,24,0,0,0,none,0.1-5,ES,25,2,NA,NA,NA,NA,NA,NA,NA,NA,NA,NA,NA,NA,NA,NA,NA,NA,NA,NA,NA,NA,NA,NA,NA,NA,NA,NA,NA,No surface activity,NA,KI
2015-06-17,D05,Lewis Channel,14:12,NA,NA,"Luke Rogers, Kristi Inman, Carolyn Knapper",1,38,0,1,1,none,0.1-5,ES,25,1,NA,NA,NA,NA,NA,NA,NA,NA,NA,NA,NA,NA,NA,NA,NA,NA,NA,NA,NA,NA,NA,Squid,1,NA,NA,NA,NA,No sockeye in set,NA,KI
2015-06-17,D08,Calm Channel,11:02,50.32119,-125.03856,"Carolyn Knapper, Kristi Inman, Luke Rogers",1,36,0,1,1,none,0.1-5,NW,100,1,4.1,23.1,17.0,23.6,16.4,12,13,10,18,1,1,2,2,0,0,NA,NA,NA,NA,NA,NA,NA,NA,NA,NA,NA,NA,NA,1,KI
2015-06-17,J03,Cracroft Point,11:50,50.54630,-126.66727,"Sean Godwin, Carson White, Samantha Crowley",1,2,1,0,0,none,0,NA,25,1,11.1,10.4,28.8,10.3,28.8,3,3,10,500,10,20,0,0,10,80,NA,NA,NA,NA,NA,NA,NA,NA,NA,NA,NA,NA,NA,1,SG
2015-06-17,J04,Forward Bay,06:02,50.52491,-126.38617,"Sean Godwin, Carson White, Samantha Crowley",1,3,1,1,1,none,0,NA,100,1,9.6,9.8,28.9,9.8,28.9,3,3,10,300,0,0,0,0,10,50,tubesnout,30,NA,NA,NA,NA,chum,2,NA,NA,NA,NA,NA,1,SG
2015-06-17,J08,Naka Creek,07:51,50.47943,-126.41631,"Sean Godwin, Carson White, Samantha Crowley",1,0,2,1,1,none,0.1-5,N,75,1,9.1,10.3,28.8,10.3,28.8,30,35,10,100,2,2,0,0,4,4,NA,NA,NA,NA,NA,NA,NA,NA,NA,NA,NA,NA,NA,1,SG
2015-06-18,D07,Hoskyn Channel,13:46,NA,NA,"Luke Rogers, Carolyn Knapper, Brett Johnson ",0,19,0,1,1,none,5-10,SE,100,2,NA,NA,NA,NA,NA,NA,NA,NA,NA,NA,NA,NA,NA,NA,NA,NA,NA,NA,NA,NA,NA,NA,NA,NA,NA,NA,NA,Too sparse to target,NA,KI
2015-06-18,D09,Okisollo Channel,11:16,50.30819,-125.32694,"Luke Rogers, Carolyn Knapper, Brett Johnson ",1,2,1,1,1,none,0,NA,100,0,11.4,11.3,29.2,11.1,29.2,30,50,10,50,10,10,NA,NA,NA,NA,NA,NA,NA,NA,NA,NA,NA,NA,NA,NA,NA,NA,NA,1,KI
2015-06-18,D10,Hall Point,06:38,NA,NA,"Luke Rogers, Carolyn Knapper, Brett Johnson ",0,46,1,1,1,none,0.1-5,NW,25,1,NA,NA,NA,NA,NA,NA,NA,NA,NA,NA,NA,NA,NA,NA,NA,NA,NA,NA,NA,NA,NA,NA,NA,NA,NA,NA,NA,Too sparse to target,NA,KI
2015-06-18,D11,Turn Island,08:05,50.34829,-125.45001,"Luke Rogers, Carolyn Knapper, Brett Johnson ",2,14,1,1,1,none,0.1-5,W,100,1,13.0,10.7,29.5,10.7,29.6,30,200,10,200,6,20,1,1,0,0,chinook,1,NA,NA,NA,NA,chum,1,NA,NA,NA,NA,"Herring not numbered in order, Lesions: SO 28 ( also hem on pectrol fin)",1,KI
2015-06-18,J01,Hanson North,13:23,50.58086,-126.72272,"Sean Godwin, Dylan Smyth, Sean Godwin, Melissa Orobko",1,10,2,0,1,light,0,NA,100,0,13.2,9.8,29.3,9.5,29.4,4,4,10,6000,4,10,0,0,10,200,NA,NA,NA,NA,NA,NA,NA,NA,NA,NA,NA,NA,Too many fish to sort through - lost herring in amongst other fish,1,DS
2015-06-18,J05,Stimpson Point,11:15,50.49921,-126.20961,"Sean Godwin, Dylan Smyth, Sean Godwin, Melissa Orobko",1,10,1,1,1,none,0.1-5,W,100,1,10.9,10.2,28.9,10.1,28.9,17,17,10,300,0,0,0,0,10,20,NA,NA,NA,NA,NA,NA,NA,NA,NA,NA,NA,NA,NA,1,DS
2015-06-18,J06,Blenkinsop Bay,05:35,50.47909,-126.02584,"Sean Godwin, Dylan Smyth, Katie Chan",1,3,1,1,1,none,0.1-5,SE,50,1,10.1,10.4,28.5,10.3,28.5,20,20,10,300,0,0,0,0,2,2,NA,NA,NA,NA,NA,NA,NA,NA,NA,NA,NA,NA,NA,1,DS
2015-06-18,J07,South Mouth,08:47,50.45747,-126.16879,"Sean Godwin, Dylan Smyth, Katie Chan",1,0,2,1,1,none,0,NA,100,1,16.1,10.1,28.8,10.0,28.9,30,300,10,3000,0,0,0,1,1,2,NA,NA,NA,NA,NA,NA,NA,NA,NA,NA,NA,NA,"So many fish in net - unsure of true numbers for herring, coho, pink. Saw one pink & coho and never saw again.",1,DS
2015-06-19,D03,Sutil Narrows,14:01,NA,NA,"Brett Johnson. Luke Rogers, Natalie Mahara ",0,50,0,0,1,light,0.1-5,NW,75,1,NA,NA,NA,NA,NA,NA,NA,NA,NA,NA,NA,NA,NA,NA,NA,NA,NA,NA,NA,NA,NA,NA,NA,NA,NA,NA,NA,Too sparse to target,NA,KI
2015-06-19,D04,Fransisco Point,13:17,NA,NA,"Brett Johnson. Luke Rogers, Natalie Mahara ",0,20,1,0,0,moderate,0.1-5,E,75,1,NA,NA,NA,NA,NA,NA,NA,NA,NA,NA,NA,NA,NA,NA,NA,NA,NA,NA,NA,NA,NA,NA,NA,NA,NA,NA,NA,Too sparse to target,NA,KI
2015-06-19,D06,Gowlland Harbour,10:14,50.09809,-125.27142,"Brett Johnson. Luke Rogers, Natalie Mahara ",1,30,0,1,0,none,0.1-5,W,50,1,9.4,10.3,28.1,10.8,29.2,5,6,10,300,1,1,0,0,0,0,NA,NA,NA,NA,NA,NA,NA,NA,NA,NA,NA,NA,NA,1,KI
2015-06-19,J02,Swanson Island,14:19,50.60263,-126.70188,"Sean Godwin, Lauren Portner, Dylan Smyth",1,1,2,1,1,light,0.1-5,SE,100,1,NA,10.0,29.3,9.7,29.2,30,50,10,200,6,6,1,1,10,100,NA,NA,NA,NA,NA,NA,NA,NA,NA,NA,NA,NA,"Secchi depth not possible. Tape broke, lost disc and cannon ball.",1,LP
2015-06-19,J09,Blinkhorn Peninsula,06:35,50.54362,-126.81951,"Sean Godwin, Lauren Portner, Dylan Smyth",2,1,2,2,1,none,0.1-5,E,75,0,13.7,10.0,28.7,9.9,29.0,30,200,10,1000,1,1,0,0,10,50,NA,NA,NA,NA,NA,NA,NA,NA,NA,NA,NA,NA,NA,1,LP
2015-06-19,J10,Hanson South,09:51,50.55814,-126.73386,"Sean Godwin, Lauren Portner, Dylan Smyth",1,1,2,1,2,none,0.1-5,NW,75,0,NA,10.5,28.8,10.3,28.8,30,200,10,400,8,8,0,0,10,10,NA,NA,NA,NA,NA,NA,NA,NA,NA,NA,NA,NA,"Secchi depth not possible. Tape broke, lost disc and cannon ball.",1,LP
2015-06-20,D09,Okisollo Channel,12:29,50.30597,-125.33588,"Brett Johnson. Kristi Inman, Luke Rogers",1,34,0,1,1,none,0.1-5,SE,25,1,10.4,11.5,29.3,11.4,29.3,30,200,10,80,10,10,2,2,0,0,NA,NA,NA,NA,NA,NA,NA,NA,NA,NA,NA,NA,NA,1,KI
2015-06-20,D10,Hall Point,08:32,NA,NA,"Brett Johnson. Kristi Inman, Luke Rogers",0,25,0,0,1,none,0.1-5,NW,100,1,NA,NA,NA,NA,NA,NA,NA,NA,NA,NA,NA,NA,NA,NA,NA,NA,NA,NA,NA,NA,NA,NA,NA,NA,NA,NA,NA,Too sparse to target,NA,KI
2015-06-20,D11,Turn Island,09:33,50.34758,-125.45530,"Brett Johnson. Kristi Inman, Luke Rogers",2,32,0,1,1,none,0.1-5,W,100,1,10.8,10.8,29.6,10.8,29.6,3,3,10,44,0,0,0,0,2,2,NA,NA,NA,NA,NA,NA,NA,NA,NA,NA,NA,NA,NA,1,KI
2015-06-20,J04,Forward Bay,06:20,50.51940,-126.40831,"Lauren Portner, Dylan Smyth, Katie Chan",1,2,2,1,0,none,0.1-5,NW,100,1,NA,10.0,28.8,10.0,28.8,30,30,10,300,4,4,0,0,10,200,NA,NA,NA,NA,NA,NA,NA,NA,NA,NA,NA,NA,"Secchi depth not possible. Tape broke, lost disc and cannon ball.",1,DS
2015-06-20,J05,Stimpson Point,12:55,NA,NA,"Lauren Portner, Dylan Smyth, Katie Chan",0,90,1,0,1,none,10-15,NW,50,2,NA,NA,NA,NA,NA,NA,NA,NA,NA,NA,NA,NA,NA,NA,NA,NA,NA,NA,NA,NA,NA,NA,NA,NA,NA,NA,NA,NA,NA,DS
2015-06-20,J07,South Mouth,15:30,50.45804,-126.16997,"Lauren Portner, Dylan Smyth, Katie Chan",1,4,2,1,1,none,5-10,NW,25,1,NA,11.4,28.8,10.7,28.9,24,24,10,250,0,0,0,0,10,50,NA,NA,NA,NA,NA,NA,NA,NA,NA,NA,NA,NA,"Secchi depth not possible. Tape broke, lost disc and cannon ball.",1,DS
2015-06-20,J08,Naka Creek,09:21,50.48001,-126.41469,"Lauren Portner, Dylan Smyth, Katie Chan",1,0,2,0,1,light,0.1-5,NW,100,1,NA,10.4,28.6,10.3,28.6,5,5,10,200,0,0,0,0,10,100,NA,NA,NA,NA,NA,NA,NA,NA,NA,NA,NA,NA,"Secchi depth not possible. Tape broke, lost disc and cannon ball.",1,DS
2015-06-21,D01,Hurtado Point,07:00,NA,NA,"Brett Johnson. Kristi Inman, Luke Rogers",1,38,1,1,0,none,0,NA,0,0,NA,NA,NA,NA,NA,NA,NA,NA,NA,NA,NA,NA,NA,NA,NA,NA,NA,NA,NA,NA,NA,NA,NA,NA,NA,NA,NA,"No sockeye in set. coho =1, chum=14, released",NA,KI
2015-06-21,D02,Kinghorn Island,08:37,NA,NA,"Brett Johnson. Kristi Inman, Luke Rogers",0,32,0,0,0,none,0,NW,0,1,NA,NA,NA,NA,NA,NA,NA,NA,NA,NA,NA,NA,NA,NA,NA,NA,NA,NA,NA,NA,NA,NA,NA,NA,NA,NA,NA,No surface activity,NA,KI
2015-06-21,D03,Sutil Narrows,11:30,NA,NA,"Brett Johnson. Kristi Inman, Luke Rogers",0,26,0,0,1,nonw,0,NA,25,0,NA,NA,NA,NA,NA,NA,NA,NA,NA,NA,NA,NA,NA,NA,NA,NA,NA,NA,NA,NA,NA,NA,NA,NA,NA,NA,NA,Too sparse to target,NA,KI
2015-06-21,D05,Lewis Channel,09:28,NA,NA,"Brett Johnson. Kristi Inman, Luke Rogers",0,21,0,0,0,none,0.1-5,NW,0,1,NA,NA,NA,NA,NA,NA,NA,NA,NA,NA,NA,NA,NA,NA,NA,NA,NA,NA,NA,NA,NA,NA,NA,NA,NA,NA,NA,No surface activity,NA,KI
2015-06-21,D08,Calm Channel,10:28,NA,NA,"Brett Johnson. Kristi Inman, Luke Rogers",0,22,0,0,0,none,0.1-5,W,0,1,NA,NA,NA,NA,NA,NA,NA,NA,NA,NA,NA,NA,NA,NA,NA,NA,NA,NA,NA,NA,NA,NA,NA,NA,NA,NA,NA,No surface activity,NA,KI
2015-06-21,J05,Stimpson Point,09:07,50.49608,-126.21645,"Lauren Portner, Carson White, Katie Chan",1,0,2,1,1,none,0.1-5,NW,25,0,NA,10.0,28.9,9.8,28.9,30,200,10,200,2,2,0,0,1,1,NA,NA,NA,NA,NA,NA,NA,NA,NA,NA,NA,NA,"Secchi depth not possible. Tape broke, lost disc and cannon ball.",1,DS
2015-06-21,J06,Blenkinsop Bay,05:55,50.47630,-126.02838,"Lauren Portner, Carson White, Katie Chan",1,0,2,2,1,none,0.1-5,SE,100,1,NA,9.9,28.9,9.8,28.9,30,1200,10,1500,10,80,1,1,9,20,NA,NA,NA,NA,NA,NA,NA,NA,NA,NA,NA,NA,"Secchi depth not possible. Tape broke, lost disc and cannon ball.",1,DS
2015-06-21,J10,Hanson South,13:02,50.55821,-126.73327,"Lauren Portner, Carson White, Katie Chan",2,5,1,1,1,none,0.1-5,NW,0,1,NA,10.7,28.8,10.9,28.8,30,100,10,600,1,1,0,0,8,8,NA,NA,NA,NA,NA,NA,NA,NA,NA,NA,NA,NA,"Secchi depth not possible. Tape broke, lost disc and cannon ball.",1,DS
2015-06-22,D09,Okisollo Channel,12:27,50.30789,-125.32980,"Luke Rogers, Caroyln Knapper, Alex Hare",1,8,0,1,1,none,0.1-5,SE,25,1,NA,11.8,28.9,11.4,28.9,29,100,10,300,4,4,0,0,7,7,chinook,1,stickelback,1,NA,NA,chum,1,NA,NA,NA,NA,Data entry note: Seems secchi depth was not taken,1,KI
2015-06-22,D10,Hall Point,07:13,50.44949,-125.32427,"Luke Rogers, Caroyln Knapper, Alex Hare",2,67,0,1,1,none,0.1-5,SE,75,1,10.5,10.8,29.0,10.6,28.9,30,60,10,200,0,0,0,0,0,0,NA,NA,NA,NA,NA,NA,NA,NA,NA,NA,NA,NA,NA,1,KI
2015-06-22,D11,Turn Island,11:06,NA ,NA,"Luke Rogers, Caroyln Knapper, Alex Hare",1,52,0,1,2,none,0.1-5,S,25,1,NA,NA,NA,NA,NA,NA,NA,NA,NA,NA,NA,NA,NA,NA,NA,NA,NA,NA,NA,NA,NA,NA,NA,NA,NA,NA,NA,No sockeye in set,NA,KI
2015-06-23,D04,Fransisco Point,07:14,NA ,NA,"Luke Rogers, Carolyn Knapper, Natalie Mahara ",1,25,0,1,1,none,5-10,NW,0,2,NA,NA,NA,NA,NA,NA,NA,NA,NA,NA,NA,NA,NA,NA,NA,chinook,1,NA,NA,NA,NA,NA,NA,NA,NA,NA,NA,No sockeye in set,NA,KI
2015-06-23,D06,Gowlland Harbour,08:32,50.10264,-125.27585,"Luke Rogers, Carolyn Knapper, Natalie Mahara ",2,53,0,1,1,none,0.1-5,NW,0,1,13.7,11.2,28.9,11.1,29.0,6,6,10,2000,1,5,0,0,4,10,chinook,10,NA,NA,NA,NA,sandlance,2,NA,NA,NA,NA,NA,1,KI
2015-06-23,D07,Hoskyn Channel,06:07,NA ,NA,"Luke Rogers, Carolyn Knapper, Natalie Mahara ",0,27,2,0,2,none,0.1-5,N,0,1,NA,NA,NA,NA,NA,NA,NA,NA,NA,NA,NA,NA,NA,NA,NA,NA,NA,NA,NA,NA,NA,NA,NA,NA,NA,NA,NA,Too sparse to target,NA,KI
2015-06-23,J01,Hanson North,09:36,50.58209,-126.71978,"Sean Godwin, Chris Guinchard, Andrew Bateman, Katie Pocock",1,5,2,1,0,none,0.1-5,N,0,0,NA,9.9,28.9,9.9,29.0,18,18,10,200,0,0,0,0,2,2,NA,NA,NA,NA,NA,NA,NA,NA,NA,NA,NA,NA,"Secchi depth not possible. Tape broke, lost disc and cannon ball.",1,SG
2015-06-23,J02,Swanson Island,12:30,50.60237,-126.70219,"Sean Godwin, Chris Guinchard, Andrew Bateman",3,10,1,1,0,none,0.1-5,NW,25,1,NA,10.8,28.5,10.3,28.7,18,18,10,70,0,0,0,0,10,10,chinook,1,NA,NA,NA,NA,NA,NA,NA,NA,NA,NA,"Secchi depth not possible. Tape broke, lost disc and cannon ball.",1,SG
2015-06-23,J03,Cracroft Point,06:20,50.54774,-126.67774,"Lauren Portner, Carson White, Dylan Smyth",2,0,2,1,1,none,0.1-5,NW,0,0,NA,10.6,28.6,10.6,28.6,30,50,10,300,5,5,1,1,10,20,NA,NA,NA,NA,NA,NA,NA,NA,NA,NA,NA,NA,"Secchi depth not possible. Tape broke, lost disc and cannon ball.",1,SG
2015-06-23,J09,Blinkhorn Peninsula,15:45,50.54414,-126.81843,"Sean Godwin, Chris Guinchard, Andrew Bateman",1,0,2,1,1,none,0.1-5,N,50,0,NA,11.8,29.0,11.1,28.9,30,500,10,300,10,30,2,2,10,300,NA,NA,NA,NA,NA,NA,NA,NA,NA,NA,NA,NA,"Secchi depth not possible. Tape broke, lost disc and cannon ball.",1,SG
2015-06-24,D09,Okisollo Channel,11:07,50.30698,-125.32590,"Carolyn Knapper, Luke Rogers, Natalie Mahara",1,2,0,1,1,none,0,NA,100,0,12.2,11.7,28.9,11.6,28.9,30,240,5,5,0,0,1,1,0,0,NA,NA,NA,NA,NA,NA,Sockeye,1,NA,NA,NA,NA,NA,1,BJ
2015-06-24,D10,Hall Point,7:05,50.44045,-125.27069,"Carolyn Knapper, Luke Rogers, Natalie Mahara",1,10,1,0,0,none,0.1-5,SE,100,0,11.0,10.6,28.7,10.5,29.0,7,7,10,40,1,1,1,1,0,0,NA,NA,NA,NA,NA,NA,NA,NA,NA,NA,NA,NA,NA,1,BJ
2015-06-24,D11,Turn Island,08:58,50.34969,-125.44451,"Carolyn Knapper, Luke Rogers, Natalie Mahara",1,12,0,1,1,none,0.1-5,SE,100,1,13.8,11.2,29.2,11.2,29.2,9,9,10,500,0,0,0,0,10,300,chinook,6,NA,NA,NA,NA,NA,NA,NA,NA,NA,NA,NA,1,BJ
2015-06-24,J05,Stimpson Point,10:20,50.49837,-126.21404,"Sean Godwin, Samantha Crowley, Andrew Bateman",1,3,0,1,1,moderate,0.1-5,SE,100,0,NA,10.5,28.7,10.4,28.7,30,60,10,400,1,1,0,0,10,20,chinook,2,NA,NA,NA,NA,NA,NA,NA,NA,NA,NA,"Secchi depth not possible. Tape broke, lost disc and cannon ball.",1,SG
2015-06-24,J06,Blenkinsop Bay,05:30,50.47705,-126.02871,"Sean Godwin, Samantha Crowley, Andrew Bateman",1,2,1,1,1,light,0,NA,100,0,NA,10.5,28.8,10.4,28.8,8,8,10,200,10,70,1,1,10,20,chinook,3,NA,NA,NA,NA,NA,NA,NA,NA,NA,NA,"Secchi depth not possible. Tape broke, lost disc and cannon ball.",1,SG
2015-06-24,J07,South Mouth,08:05,50.45524,-126.11718,"Sean Godwin, Samantha Crowley, Andrew Bateman",2,0,2,0,0,none,0.1-5,NE,100,0,NA,10.8,28.6,10.4,28.9,29,37,10,13,0,0,0,0,4,4,NA,NA,NA,NA,NA,NA,NA,NA,NA,NA,NA,NA,"Secchi depth not possible. Tape broke, lost disc and cannon ball.",1,SG
2015-06-24,J08,Naka Creek,13:55,50.47870,-126.41567,"Sean Godwin, Samantha Crowley, Andrew Bateman",2,5,1,1,1,moderate,0.1-5,NE,100,2,NA,11.0,28.5,10.9,28.5,19,19,10,300,10,300,0,0,10,100,NA,NA,NA,NA,NA,NA,NA,NA,NA,NA,NA,NA,"Secchi depth not possible. Tape broke, lost disc and cannon ball.",1,SG
2015-06-27,D07,Hoskyn Channel,13:10,NA,NA,"Luke Rogers, Brett Johnson, Kristi Inman",0,32,0,1,1,none,5-10,N,25,1,NA,NA,NA,NA,NA,NA,NA,NA,NA,NA,NA,NA,NA,NA,NA,NA,NA,NA,NA,NA,NA,NA,NA,NA,NA,NA,NA,Too sparse to target,NA,BJ
2015-06-27,D08,Calm Channel,12:16,NA,NA,"Luke Rogers, Brett Johnson, Kristi Inman",0,19,0,0,0,none,0.1-5,W,50,1,NA,NA,NA,NA,NA,NA,NA,NA,NA,NA,NA,NA,NA,NA,NA,NA,NA,NA,NA,NA,NA,NA,NA,NA,NA,NA,NA,No surface activity,NA,BJ
2015-06-27,D09,Okisollo Channel,09:22,50.30702,-125.33509,"Luke Rogers, Brett Johnson, Kristi Inman",1,18,0,1,1,none,5-10,W,25,2,15.4,12.7,28.4,12.1,28.4,19,20,10,30,0,0,0,0,10,20,NA,NA,NA,NA,NA,NA,NA,NA,NA,NA,NA,NA,NA,1,BJ
2015-06-27,J01,Hanson North,11:15,50.58165,-126.71952,"Carson White, Dylan Smyth, Peter Harrington",2,0,2,1,1,none,0.1-5,N,100,0,NA,11.2,27.1,11.0,27.2,10,10,10,400,2,2,0,0,10,100,NA,NA,NA,NA,NA,NA,NA,NA,NA,NA,NA,NA,"Secchi depth not possible. Tape broke, lost disc and cannon ball.",1,DS
2015-06-27,J09,Blinkhorn Peninsula,15:00,50.54380,-126.81988,"Carson White, Dylan Smyth, Peter Harrington",1,0,1,2,1,none,0,NA,0,0,NA,14.4,29.1,11.5,29.2,30,100,10,1200,10,10,0,0,10,800,Chinnook,1,NA,NA,NA,NA,NA,NA,NA,NA,NA,NA,"Secchi depth not possible. Tape broke, lost disc and cannon ball.",1,DS
2015-06-27,J10,Hanson South,07:00,50.55961,-126.75420,"Carson White, Dylan Smyth, Peter Harrington",2,0,1,1,0,none,0.1-5,S,100,0,NA,28.9,10.3,28.9,10.2,10,10,10,115,0,0,4,4,10,115,NA,NA,NA,NA,NA,NA,NA,NA,NA,NA,NA,NA,"Secchi depth not possible. Tape broke, lost disc and cannon ball.",1,DS
2015-06-28,J02,Swanson Island,06:05,50.60255,-126.70201,"Carson White, Dylan Smyth, Peter Harrington",2,0,2,0,1,none,0,NA,0,0,NA,9.7,29.2,9.6,29.3,0,0,10,200,5,5,10,20,10,300,Chinnook,1,NA,NA,NA,NA,NA,NA,NA,NA,NA,NA,"Secchi depth not possible. Tape broke, lost disc and cannon ball.",1,DS
2015-06-28,J03,Cracroft Point,10:50,50.54277,-126.64149,"Carson White, Dylan Smyth, Peter Harrington",1,5,1,0,1,none,5-10,NW,0,1,NA,11.9,28.9,11.7,28.8,0,0,10,100,10,15,1,1,10,100,Tubesnout,1,NA,NA,NA,NA,NA,NA,NA,NA,NA,NA,"Secchi depth not possible. Tape broke, lost disc and cannon ball.",1,DS
2015-06-29,D09,Okisollo Channel,10:52,50.30764,-125.33348,"Brett Johnson, Luke Rogers, Leo Pontier",2,46,1,1,1,none,0.1-5,E,75,1,10.5,12.4,28.6,12.1,28.5,8,8,10,80,0,0,0,0,2,2,chinook,2,NA,NA,NA,NA,chinook,1,NA,NA,NA,NA,NA,1,KI
2015-06-29,D10,Hall Point,06:48,NA,NA,"Brett Johnson, Luke Rogers, Leo Pontier",1,59,1,0,1,none,0.1-5,NW,25,1,NA,NA,NA,NA,NA,NA,NA,NA,NA,NA,NA,NA,NA,NA,NA,NA,NA,NA,NA,NA,NA,NA,NA,NA,NA,NA,NA,Too sparse to target,NA,KI
2015-06-29,D11,Turn Island,08:17,50.34844,-125.44666,"Brett Johnson, Luke Rogers, Leo Pontier",1,8,0,1,1,none,0.1-5,NW,75,1,12.9,11.4,29.1,11.4,29.2,30,50,10,200,0,0,0,0,0,0,NA,NA,NA,NA,NA,NA,NA,NA,NA,NA,NA,NA,NA,1,KI
2015-06-29,J04,Forward Bay,13:00,NA,NA,"Carson White, Peter Harrington, Lauren Portner",0,35,0,0,1,none,5-10,NW,75,2,NA,NA,NA,NA,NA,NA,NA,NA,NA,NA,NA,NA,NA,NA,NA,NA,NA,NA,NA,NA,NA,NA,NA,NA,NA,NA,NA,"fish not at depth, saw one popper over total search time.",NA,LP
2015-06-29,J05,Stimpson Point,12:00,NA,NA,"Carson White, Peter Harrington, Lauren Portner",0,70,0,0,1,none,5-10,NW,100,2,NA,NA,NA,NA,NA,NA,NA,NA,NA,NA,NA,NA,NA,NA,NA,NA,NA,NA,NA,NA,NA,NA,NA,NA,NA,NA,NA,"fish not at depth, only saw 2 poppers over total search time.",NA,LP
2015-06-29,J07,South Mouth,08:40,50.45942,-126.16916,"Carson White, Peter Harrington, Lauren Portner",1,2,2,1,1,none,0.1-5,NW,100,0,NA,10.9,28.9,10.7,28.8,30,400,10,500,5,6,0,0,10,100,NA,NA,NA,NA,NA,NA,NA,NA,NA,NA,NA,NA,"One herring was accidentally released. Secchi depth not possible. Tape broke, lost disc and cannon ball.",1,LP
2015-06-29,J08,Naka Creek,05:45,50.47895,-126.41667,"Carson White, Peter Harrington, Lauren Portner",1,1,2,2,2,none,0,NA,100,0,NA,11.8,28.6,11.6,28.5,0,0,10,100,2,2,0,0,10,100,NA,NA,NA,NA,NA,NA,NA,NA,NA,NA,NA,NA,"Secchi depth not possible. Tape broke, lost disc and cannon ball.",1,LP
2015-07-01,D09,Okisollo Channel,12:00,NA,NA,"Carolyn Knapper, Luke Rogers, Kristi Inman ",0,20,0,0,1,none,0,NA,0,1,NA,NA,NA,NA,NA,NA,NA,NA,NA,NA,NA,NA,NA,NA,NA,NA,NA,NA,NA,NA,NA,NA,NA,NA,NA,NA,NA,Too sparse to target,NA,KI
2015-07-01,D10,Hall Point,10:00,NA,NA,"Carolyn Knapper, Luke Rogers, Kristi Inman ",0,37,0,0,0,none,10-15,NW,0,2,NA,NA,NA,NA,NA,NA,NA,NA,NA,NA,NA,NA,NA,NA,NA,NA,NA,NA,NA,NA,NA,NA,NA,NA,NA,NA,NA,No surface activity,NA,KI
2015-07-01,D11,Turn Island,11:06,NA,NA,"Carolyn Knapper, Luke Rogers, Kristi Inman ",0,30,0,0,1,none,5-10,W,0,2,NA,NA,NA,NA,NA,NA,NA,NA,NA,NA,NA,NA,NA,NA,NA,NA,NA,NA,NA,NA,NA,NA,NA,NA,NA,NA,NA,Too sparse to target,NA,KI
2015-07-01,J03,Cracroft Point,08:40,50.54703,-126.67197,"Sean Godwin, Mack Bartlett, Dylan Smyth",1,1,2,0,1,none,0,NA,50,0,NA,12.1,28.8,11.0,28.9,3.0,3.0,8.0,8.0,5.0,5.0,0.0,0.0,10.0,60.0,NA,NA,NA,NA,NA,NA,NA,NA,NA,NA,NA,NA,"Secchi depth not possible. Tape broke, lost disc and cannon ball.",1,SG
2015-07-01,J09,Blinkhorn Peninsula,13:00,50.54329,-126.81690,"Sean Godwin, Mack Bartlett, Dylan Smyth",1,1,1,0,1,none,0,NA,0,0,NA,11.3,29.1,11.2,29.0,30.0,40.0,10.0,100.0,10.0,20.0,3.0,10.0,10.0,200.0,NA,NA,NA,NA,NA,NA,NA,NA,NA,NA,NA,NA,"Most sockeye in set small, likely Nimpkish or other local stock. Secchi depth not possible. Tape broke, lost disc and cannon ball.",1,SG
2015-07-01,J10,Hanson South,06:50,50.55809,-126.73246,"Sean Godwin, Mack Bartlett, Dylan Smyth",1,3,1,0,1,none,0,NA,50,1,NA,10.3,29.0,10.2,29.1,4.0,3.0,10.0,400.0,2.0,2.0,0.0,0.0,10.0,20.0,NA,NA,NA,NA,NA,NA,NA,NA,NA,NA,NA,NA,"Secchi depth not possible. Tape broke, lost disc and cannon ball.",1,SG
2015-07-02,D06,Gowlland Harbour,13:18,NA,NA,"Carolyn Knapper, Luke Rogers, Kristi Inman ",0,17,0,0,0,none,10-15,NW,0,2,NA,NA,NA,NA,NA,NA,NA,NA,NA,NA,NA,NA,NA,NA,NA,NA,NA,NA,NA,NA,NA,NA,NA,NA,NA,NA,NA,No surface activity,NA,KI
2015-07-02,D07,Hoskyn Channel,08:45,NA,NA,"Carolyn Knapper, Luke Rogers, Kristi Inman ",0,16,0,0,0,none,5-10,NE,0,2,NA,NA,NA,NA,NA,NA,NA,NA,NA,NA,NA,NA,NA,NA,NA,NA,NA,NA,NA,NA,NA,NA,NA,NA,NA,NA,NA,No surface activity,NA,KI
2015-07-02,D09,Okisollo Channel,09:47,50.30377,-125.33768,"Carolyn Knapper, Luke Rogers, Kristi Inman ",2,20,0,2,0,none,0.1-5,W,0,1,12.9,12.1,28.8,11.9,28.9,30,60,10,200,10,20,0,0,7,8,NA,NA,NA,NA,NA,NA,NA,NA,NA,NA,NA,NA,NA,1,KI
2015-07-02,J01,Hanson North,07:30,NA,NA,"Sean Godwin, Mack Bartlett, Dylan Smyth",1,40,1,0,1,none,0,NA,0,1,NA,NA,NA,NA,NA,NA,NA,NA,NA,NA,NA,NA,NA,NA,NA,NA,NA,NA,NA,NA,NA,NA,NA,NA,NA,NA,NA,"SO = 0, CU = 300, HE = 0, CO = 0, PI = 300",NA,SG
2015-07-02,J02,Swanson Island,09:18,NA,NA,"Sean Godwin, Mack Bartlett, Dylan Smyth",1,20,2,0,1,none,10-15,NW,0,1,NA,NA,NA,NA,NA,NA,NA,NA,NA,NA,NA,NA,NA,NA,NA,NA,NA,NA,NA,NA,NA,NA,NA,NA,NA,NA,NA,"SO = 0, CU = 100, HE = 20, CO = 5, PI = 100, chinook = 10",NA,SG
2015-07-05,D06,Gowlland Harbour,11:57,NA,NA,"Carolyn Knapper, Brett Johnson, Luke Rogers",0,32,2,0,0,none,0.1-5,NW,100,1,NA,NA,NA,NA,NA,NA,NA,NA,NA,NA,NA,NA,NA,NA,NA,NA,NA,NA,NA,NA,NA,NA,NA,NA,NA,NA,NA,"No salmon surface activity, all herring and stickleback",NA,CK
2015-07-05,D11,Turn Island,13:30,50.34874,-125.44617,"Carolyn Knapper, Brett Johnson, Luke Rogers",1,10,0,1,1,none,0.1-5,W,25,1,11.9,11.4,28.8,11.3,28.9,1,1,10,100,0,0,0,0,10,20,NA,NA,NA,NA,NA,NA,chum,1,NA,NA,NA,NA,NA,1,CK
2015-07-06,D07,Hoskyn Channel,05:49,NA,NA,"Brett Johnson, Luke Rogers, Kristi Inman",0,23,1,0,1,none,0.1-5,N,25,0,NA,NA,NA,NA,NA,NA,NA,NA,NA,NA,NA,NA,NA,NA,NA,NA,NA,NA,NA,NA,NA,NA,NA,NA,NA,NA,NA,Too sparse to target,1,BJ
2015-07-06,D09,Okisollo Channel,06:56,50.30641,-125.31584,"Brett Johnson, Luke Rogers, Kristi Inman",1,0,2,0,0,none,0,NA,25,0,11.3,11.4,29.1,11.4,29.1,4,4,10,50,7,7,0,0,0,0,NA,NA,NA,NA,NA,NA,NA,NA,NA,NA,NA,NA,NA,1,BJ
2015-07-06,D11,Turn Island,08:43,50.34825,-125.44895,"Brett Johnson, Luke Rogers, Kristi Inman",1,8,1,1,0,none,0.1-5,N,50,1,11.6,11.1,29.3,11.0,29.3,23,23,10,400,0,0,0,0,10,100,NA,NA,NA,NA,NA,NA,NA,NA,NA,NA,NA,NA,NA,1,BJ
2015-07-07,D09,Okisollo Channel,14:13,50.30790,-125.32955,"Brett Johnson, Luke Rogers, Kristi Inman",2,18,1,1,1,none,0.1-5,E,25,0,11.4,12.6,29.2,12.2,29.2,5,5,10,100,3,3,0,0,10,100,Chinook,2,NA,NA,NA,NA,NA,NA,NA,NA,NA,NA,NA,1,CK
2015-07-07,D11,Turn Island,11:46,50.34797,-125.45584,"Brett Johnson, Luke Rogers, Kristi Inman",1,11,0,1,1,none,0.1-5,W,50,1,12.9,11.6,29.6,11.3,29.7,17,18,10,500,0,0,0,0,10,50,NA,NA,NA,NA,NA,NA,NA,NA,NA,NA,NA,NA,NA,1,CK
2015-07-07,J01,Hanson North,07:22,NA,NA,"Sean Godwin, Lauren Portner, Carson White",0,44,1,0,0,none,0,NA,100,0,NA,NA,NA,NA,NA,NA,NA,NA,NA,NA,NA,NA,NA,NA,NA,NA,NA,NA,NA,NA,NA,NA,NA,NA,NA,NA,NA,net not set because no smolt activity,1,SG
2015-07-07,J02,Swanson Island,05:54,NA,NA,"Sean Godwin, Lauren Portner, Carson White",1,4,1,0,0,none,0,NA,100,0,NA,NA,NA,NA,NA,NA,NA,NA,NA,NA,NA,NA,NA,NA,NA,NA,NA,NA,NA,NA,NA,NA,NA,NA,NA,NA,NA,"SO = 0, CU = 40, HE = 0, CO = 10, PI = 0, chinook = 2",1,SG
2015-07-07,J03,Cracroft Point,08:03,NA,NA,"Sean Godwin, Lauren Portner, Carson White",0,23,0,0,0,none,0.1-5,NW,100,0,NA,NA,NA,NA,NA,NA,NA,NA,NA,NA,NA,NA,NA,NA,NA,NA,NA,NA,NA,NA,NA,NA,NA,NA,NA,NA,NA,net not set because no smolt activity,1,SG
2015-07-07,J09,Blinkhorn Peninsula,10:30,NA,NA,"Sean Godwin, Lauren Portner, Carson White",1,30,1,0,1,none,0,NA,100,0,9.5,29.5,10.5,29.3,10.4,30,30,10,200,0,0,1,1,10,300,chinook,1,NA,NA,NA,NA,NA,NA,NA,NA,NA,NA,"28 or 29 of sockeye were very small, likely from Nimpkish or other local watershed",1,SG
2015-07-07,J10,Hanson South,09:10,NA,NA,"Sean Godwin, Lauren Portner, Carson White",1,20,2,1,1,none,0.1-5,NW,100,0,NA,NA,NA,NA,NA,NA,NA,NA,NA,NA,NA,NA,NA,NA,NA,NA,NA,NA,NA,NA,NA,NA,NA,NA,NA,NA,NA,"SO = 0, CU = 300, HE = 1, CO = 5, PI = 10",1,SG
2015-07-10,J01,Hanson North,07:35,NA,NA,"Sean Godwin, Mack Bartlett, Dylan Smyth",1,35,1,0,1,none,0,NA,0,0,NA,NA,NA,NA,NA,NA,NA,NA,NA,NA,NA,NA,NA,NA,NA,NA,NA,NA,NA,NA,NA,NA,NA,NA,NA,NA,NA,"SO = 0, CU = 100, HE = 0, CO = 0, PI = 100",1,SG
2015-07-10,J02,Swanson Island,06:54,NA,NA,"Sean Godwin, Mack Bartlett, Dylan Smyth",0,17,1,0,0,none,0,NA,0,0,NA,NA,NA,NA,NA,NA,NA,NA,NA,NA,NA,NA,NA,NA,NA,NA,NA,NA,NA,NA,NA,NA,NA,NA,NA,NA,NA,net not set because no smolt activity,1,SG
2015-07-10,J03,Cracroft Point,08:40,NA,NA,"Sean Godwin, Mack Bartlett, Dylan Smyth",1,40,1,0,0,none,0,NA,0,0,NA,NA,NA,NA,NA,NA,NA,NA,NA,NA,NA,NA,NA,NA,NA,NA,NA,NA,NA,NA,NA,NA,NA,NA,NA,NA,NA,"net set on possible smolt school, fish not caught or seen again. Otherwise no smolt activity.",1,SG
2015-07-10,J10,Hanson South,10:00,NA,NA,"Sean Godwin, Mack Bartlett, Dylan Smyth",2,40,1,0,0,none,0,NA,0,0,NA,NA,NA,NA,NA,NA,NA,NA,NA,NA,NA,NA,NA,NA,NA,NA,NA,NA,NA,NA,NA,NA,NA,NA,NA,NA,NA,"SO = 0, CU = 100, HE = 0, CO = 0, PI = 20",1,SG
2015-07-14,D09,Okisollo Channel,06:50,50.30717,-125.33303,"Brett Johnson, Luke Rogers, Kristi Inman",1,16,1,0,1,none,0,NA,50,0,10.0,12.0,28.7,12.0,28.8,30,200,8,10,0,0,0,0,1,1,chinook,1,juvenile stickelback,30,NA,NA,NA,NA,NA,NA,NA,NA,Sockeye very small,1,LR
2015-07-14,D11,Turn Island,09:33,50.34811,-125.45400,"Brett Johnson, Luke Rogers, Kristi Inman",1,26,0,1,1,none,0.1-5,W,25,1,15.8,11.9,29.2,11.7,29.2,5,5,10,300,1,1,0,0,10,200,chinook,2,NA,NA,NA,NA,pink,36,chum,36,NA,NA,72 training fish taken recorded as morts,1,LR
